ID,Name,CountryCode,District,Population
2618,San Andrés Tuxtla,MEX,Veracruz,142251
1617,Hiratsuka,JPN,Kanagawa,254207
1429,Gonbad-e Qabus,IRN,Mazandaran,111253
3889,Spokane,USA,Washington,195629
231,João Pessoa,BRA,Paraíba,584029
2877,Vihari,PAK,Punjab,92300
1472,Catania,ITA,Sisilia,337862
1190,Erode,IND,Tamil Nadu,159232
474,Wolverhampton,GBR,England,242000
941,Bandung,IDN,West Java,2429000
4047,Richmond,USA,California,94100
3995,Independence,USA,Missouri,113288
3133,Offenbach am Main,DEU,Hessen,116627
2724,Tavoy (Dawei),MMR,Tenasserim [Tanintha,96800
1565,Utsunomiya,JPN,Tochigi,440353
2956,Plock,POL,Mazowieckie,131011
3842,Wichita,USA,Kansas,344284
976,Purwokerto,IDN,Central Java,202500
279,Rio Branco,BRA,Acre,259537
1042,Madurai,IND,Tamil Nadu,977856
3449,Kirovograd,UKR,Kirovograd,265000
717,Inanda,ZAF,KwaZulu-Natal,634065
2353,Pyongtaek,KOR,Kyonggi,312927
971,Ambon,IDN,Molukit,249312
3540,Maracaíbo,VEN,Zulia,1304776
1092,Bhilai,IND,Chhatisgarh,386159
203,Zenica,BIH,Federaatio,96027
3604,Barnaul,RUS,Altai,580100
380,Pindamonhangaba,BRA,São Paulo,121904
781,Marikina,PHL,National Capital Reg,391170
2167,Changji,CHN,Xinxiang,132260
2103,Huadian,CHN,Jilin,175873
787,San José del Monte,PHL,Central Luzon,315807
614,al-Mahallat al-Kubra,EGY,al-Gharbiya,395402
3520,Minsk,BLR,Horad Minsk,1674000
1705,Tondabayashi,JPN,Osaka,125094
128,Vanadzor,ARM,Lori,172700
350,Cabo de Santo Agostinho,BRA,Pernambuco,149964
3001,Metz,FRA,Lorraine,123776
3731,Kansk,RUS,Krasnojarsk,107400
299,Imperatriz,BRA,Maranhão,224564
2840,Mardan,PAK,Nothwest Border Prov,244511
2234,Jieyang,CHN,Guangdong,98531
3708,Serpuhov,RUS,Moskova,132000
2417,Santa Clara,CUB,Villa Clara,207350
797,Batangas,PHL,Southern Tagalog,247588
120,Concordia,ARG,Entre Rios,116485
3032,Sibiu,ROM,Sibiu,169611
1168,Ahmadnagar,IND,Maharashtra,181339
225,São Bernardo do Campo,BRA,São Paulo,723132
1840,Longueuil,CAN,Québec,127977
1145,Jammu,IND,Jammu and Kashmir,214737
2807,Oslo,NOR,Oslo,508726
4072,Mutare,ZWE,Manicaland,131367
1234,Jaunpur,IND,Uttar Pradesh,136062
352,Sobral,BRA,Ceará,146005
1455,Holon,ISR,Tel Aviv,163100
745,Oberholzer,ZAF,Gauteng,164367
3095,Halle/Saale,DEU,Anhalt Sachsen,254360
2622,Boca del Río,MEX,Veracruz-Llave,135721
3874,Garland,USA,Texas,215768
2055,Jiangyin,CHN,Jiangsu,213659
1100,Bokaro Steel City,IND,Jharkhand,333683
744,Witbank,ZAF,Mpumalanga,167183
2374,Ichon,KOR,Kyonggi,155332
362,Itu,BRA,São Paulo,132736
3465,Slovjansk,UKR,Donetsk,127000
3019,Iasi,ROM,Iasi,348070
2093,Nanchong,CHN,Sichuan,180273
347,Cachoeiro de Itapemirim,BRA,Espírito Santo,155024
2629,Guaymas,MEX,Sonora,130108
1311,Valparai,IND,Tamil Nadu,106523
146,Sumqayit,AZE,Sumqayit,283000
1966,Yingkou,CHN,Liaoning,421589
1549,Hamamatsu,JPN,Shizuoka,568796
1884,Nakuru,KEN,Rift Valley,163927
980,Bengkulu,IDN,Bengkulu,146439
2019,Shiyan,CHN,Hubei,273786
3442,Pultava [Poltava],UKR,Pultava,313000
1057,Gwalior,IND,Madhya Pradesh,690765
3976,Fayetteville,USA,North Carolina,121015
3750,Tobolsk,RUS,Tjumen,97600
3496,Manukau,NZL,Auckland,281800
748,Westonaria,ZAF,Gauteng,159632
1910,Changsha,CHN,Hunan,1809800
269,Franca,BRA,São Paulo,290139
3600,Jaroslavl,RUS,Jaroslavl,616700
835,Panabo,PHL,Southern Mindanao,133950
2555,Xalapa,MEX,Veracruz,390058
3901,Jackson,USA,Mississippi,184256
631,Bulaq al-Dakrur,EGY,Giza,148787
201,Sarajevo,BIH,Federaatio,360000
2405,Peristerion,GRC,Attika,137288
2872,Dadu,PAK,Sind,98600
2790,Warri,NGA,Edo & Delta,126100
3138,Cottbus,DEU,Brandenburg,110894
588,Santiago de los Caballeros,DOM,Santiago,365463
2104,Jiangyou,CHN,Sichuan,175753
1291,Hathras,IND,Uttar Pradesh,113285
3040,Suceava,ROM,Suceava,118549
2574,Uruapan,MEX,Michoacán de Ocampo,265211
2011,Yancheng,CHN,Jiangsu,296831
1129,Patiala,IND,Punjab,238368
162,Dinajpur,BGD,Rajshahi,127815
1249,Khammam,IND,Andhra Pradesh,127992
1495,Sassari,ITA,Sardinia,120803
1362,Morvi,IND,Gujarat,90357
2612,Minatitlán,MEX,Veracruz,152983
782,Dasmariñas,PHL,Southern Tagalog,379520
3436,Lugansk,UKR,Lugansk,469000
335,Praia Grande,BRA,São Paulo,168434
1177,Allappuzha (Alleppey),IND,Kerala,174666
958,Jambi,IDN,Jambi,385201
793,Angeles,PHL,Central Luzon,263971
526,Birkenhead,GBR,England,93087
2964,Koszalin,POL,Zachodnio-Pomorskie,112375
4010,Waterbury,USA,Connecticut,107271
1221,Sonipat (Sonepat),IND,Haryana,143922
3272,Hsinchu,TWN,Hsinchu,361958
3239,Vantaa,FIN,Newmaa,178471
3915,Oxnard,USA,California,170358
2739,Zinder,NER,Zinder,120892
2683,Temixco,MEX,Morelos,92686
3482,Mukatševe,UKR,Taka-Karpatia,89000
3085,Bielefeld,DEU,Nordrhein-Westfalen,321125
2023,Mianyang,CHN,Sichuan,262947
1254,Miraj,IND,Maharashtra,125407
635,Mallawi,EGY,al-Minya,119283
2259,Medellín,COL,Antioquia,1861265
2570,Gómez Palacio,MEX,Durango,272806
585,Djibouti,DJI,Djibouti,383000
2175,Loudi,CHN,Hunan,128418
2904,Juliaca,PER,Puno,142576
2716,Sittwe (Akyab),MMR,Rakhine,137600
484,Luton,GBR,England,183000
1646,Hirosaki,JPN,Aomori,177522
2710,Rangoon (Yangon),MMR,Rangoon [Yangon],3361700
1306,Unnao,IND,Uttar Pradesh,107425
2654,Almoloya de Juárez,MEX,México,110550
3673,Podolsk,RUS,Moskova,194300
337,Criciúma,BRA,Santa Catarina,167661
1014,Gorontalo,IDN,Sulawesi Utara,94058
3722,Novokuibyševsk,RUS,Samara,116200
1641,Hitachi,JPN,Ibaragi,196622
1811,Calgary,CAN,Alberta,768082
1919,Fushun,CHN,Liaoning,1200000
324,Arapiraca,BRA,Alagoas,178988
964,Pekalongan,IDN,Central Java,301504
2681,Salvatierra,MEX,Guanajuato,94322
3884,Mobile,USA,Alabama,198915
636,Bilbays,EGY,al-Sharqiya,113608
2645,Tepatitlán de Morelos,MEX,Jalisco,118948
3943,Pasadena,USA,California,141674
2382,Sosan,KOR,Chungchongnam,134746
3795,Chicago,USA,Illinois,2896016
3860,Saint Petersburg,USA,Florida,248232
443,Guaíba,BRA,Rio Grande do Sul,92224
2567,Ixtapaluca,MEX,México,293160
20,´s-Hertogenbosch,NLD,Noord-Brabant,129170
230,Santo André,BRA,São Paulo,630073
3928,Tallahassee,USA,Florida,150624
3618,Tšeboksary,RUS,Tšuvassia,459200
183,Mons,BEL,Hainaut,90935
315,Marília,BRA,São Paulo,188691
2057,Jiaxing,CHN,Zhejiang,211526
3216,Kismaayo,SOM,Jubbada Hoose,90000
3233,Kusti,SDN,al-Bahr al-Abyad,173599
3020,Constanta,ROM,Constanta,342264
3525,Brest,BLR,Brest,286000
3579,El Limón,VEN,Aragua,90000
301,Embu,BRA,São Paulo,222223
2823,Lahore,PAK,Punjab,5063499
1065,Shambajinagar (Aurangabad),IND,Maharashtra,573272
332,Jacareí,BRA,São Paulo,170356
2419,Pinar del Río,CUB,Pinar del Río,142100
2428,Jalib al-Shuyukh,KWT,Hawalli,102178
1588,Okazaki,JPN,Aichi,328711
920,Tamuning,GUM,–,9500
1154,Imphal,IND,Manipur,198535
1890,Shanghai,CHN,Shanghai,9696300
2613,Poza Rica de Hidalgo,MEX,Veracruz,152678
3433,Kryvyi Rig,UKR,Dnipropetrovsk,703000
2241,Bose,CHN,Guangxi,93009
3560,Guarenas,VEN,Miranda,165889
844,Malaybalay,PHL,Northern Mindanao,123672
970,Kediri,IDN,East Java,253760
3097,Aachen,DEU,Nordrhein-Westfalen,243825
133,Perth,AUS,West Australia,1096829
1282,Budaun,IND,Uttar Pradesh,116695
2188,Jiaonan,CHN,Shandong,121397
2501,El Jadida,MAR,Doukkala-Abda,119083
2547,Veracruz,MEX,Veracruz,457119
3123,Würzburg,DEU,Baijeri,127350
3036,Satu Mare,ROM,Satu Mare,130059
481,Portsmouth,GBR,England,190000
1704,Nobeoka,JPN,Miyazaki,125547
4001,Gilbert,USA,Arizona,109697
2289,Buga,COL,Valle,110699
2427,al-Salimiya,KWT,Hawalli,130215
1873,Qyzylorda,KAZ,Qyzylorda,157400
1835,Vaughan,CAN,Ontario,147889
833,Naga,PHL,Bicol,137810
1150,Pondicherry,IND,Pondicherry,203065
3415,Tokat,TUR,Tokat,99500
3013,Montreuil,FRA,Île-de-France,90674
1331,Habra,IND,West Bengali,100223
2491,Meknès,MAR,Meknès-Tafilalet,460000
2237,Ya´an,CHN,Sichuan,95900
330,Santa Bárbara d´Oeste,BRA,São Paulo,171657
1823,Laval,CAN,Québec,330393
648,Soyapango,SLV,San Salvador,129800
2794,Lafia,NGA,Plateau & Nassarawa,122500
2705,Mocuba,MOZ,Zambézia,124700
1593,Kashiwa,JPN,Chiba,320296
2305,Bukavu,COD,South Kivu,201569
185,Belmopan,BLZ,Cayo,7105
3377,Kahramanmaras,TUR,Kahramanmaras,245772
2236,Tong Xian,CHN,Peking,97168
2059,Meihekou,CHN,Jilin,209038
2040,Dunhua,CHN,Jilin,235100
2653,Lerdo,MEX,Durango,112272
3846,Cincinnati,USA,Ohio,331285
552,Bujumbura,BDI,Bujumbura,300000
1956,Hunjiang,CHN,Jilin,482043
1345,Patan,IND,Gujarat,96109
4066,Charleston,USA,South Carolina,89063
836,Koronadal,PHL,Southern Mindanao,133786
379,Palmas,BRA,Tocantins,121919
3074,Dortmund,DEU,Nordrhein-Westfalen,590213
725,Randburg,ZAF,Gauteng,341288
1566,Oita,JPN,Oita,433401
645,San Salvador,SLV,San Salvador,415346
4050,Roanoke,USA,Virginia,93357
1991,Tai´an,CHN,Shandong,350696
11,Groningen,NLD,Groningen,172701
1364,Vejalpur,IND,Gujarat,89053
390,Araguaína,BRA,Tocantins,114948
45,Béjaïa,DZA,Béjaïa,117162
3349,Tunis,TUN,Tunis,690600
1060,Hubli-Dharwad,IND,Karnataka,648298
1401,Khorramabad,IRN,Lorestan,272815
2588,Texcoco,MEX,México,203681
921,Agaña,GUM,–,1139
1467,Torino,ITA,Piemonte,903705
1684,Kadoma,JPN,Osaka,138953
2714,Bassein (Pathein),MMR,Irrawaddy [Ayeyarwad,183900
514,Saint Helens,GBR,England,106293
2600,Córdoba,MEX,Veracruz,176952
3985,Vallejo,USA,California,116760
193,Santa Cruz de la Sierra,BOL,Santa Cruz,935361
2711,Mandalay,MMR,Mandalay,885300
1592,Kochi,JPN,Kochi,324710
436,Jacobina,BRA,Bahia,96131
1203,Dhanbad,IND,Jharkhand,151789
2746,Ilorin,NGA,Kwara & Kogi,475800
2384,Tong-yong,KOR,Kyongsangnam,131717
896,Malungon,PHL,Southern Mindanao,93232
702,Lleida (Lérida),ESP,Katalonia,112207
421,Pouso Alegre,BRA,Minas Gerais,100028
2285,Tuluá,COL,Valle,152488
2426,Ciego de Ávila,CUB,Ciego de Ávila,98505
3887,Richmond,USA,Virginia,197790
2472,Kuantan,MYS,Pahang,199484
2135,Taonan,CHN,Jilin,150168
693,Alcorcón,ESP,Madrid,142048
1050,Allahabad,IND,Uttar Pradesh,792858
176,Gent,BEL,East Flanderi,224180
511,Exeter,GBR,England,111000
678,Santander,ESP,Cantabria,184165
2987,St-Étienne,FRA,Bretagne,180210
799,San Pedro,PHL,Southern Tagalog,231403
2986,Lille,FRA,Rhône-Alpes,184657
3330,Songkhla,THA,Songkhla,94900
1870,Petropavl,KAZ,North Kazakstan,203500
682,Cartagena,ESP,Murcia,177709
217,Guarulhos,BRA,São Paulo,1095874
1140,Raurkela,IND,Orissa,215489
3158,Ratingen,DEU,Nordrhein-Westfalen,90951
82,Salta,ARG,Salta,367550
1094,Saharanpur,IND,Uttar Pradesh,374945
192,Thimphu,BTN,Thimphu,22000
8,Utrecht,NLD,Utrecht,234323
121,Pilar,ARG,Buenos Aires,113428
479,Northampton,GBR,England,196000
3457,Bila Tserkva,UKR,Kiova,215000
2054,Gejiu,CHN,Yunnan,214294
1610,Tokushima,JPN,Tokushima,269649
2341,Anyang,KOR,Kyonggi,591106
2032,Shaoyang,CHN,Hunan,247227
582,Melipilla,CHL,Santiago,91056
3725,Oktjabrski,RUS,Baškortostan,111500
285,Paulista,BRA,Pernambuco,248473
394,Barbacena,BRA,Minas Gerais,113079
151,Chittagong,BGD,Chittagong,1392860
3151,Trier,DEU,Rheinland-Pfalz,99891
1113,Dhule (Dhulia),IND,Maharashtra,278317
218,Goiânia,BRA,Goiás,1056330
2673,Las Margaritas,MEX,Chiapas,97389
1664,Tachikawa,JPN,Tokyo-to,159430
1387,Qom,IRN,Qom,777677
3980,Lancaster,USA,California,118718
2851,Kamoke,PAK,Punjab,151000
819,Puerto Princesa,PHL,Southern Tagalog,161912
30,Delft,NLD,Zuid-Holland,95268
2250,Huaying,CHN,Sichuan,89400
2521,Tijuana,MEX,Baja California,1212232
2996,Aix-en-Provence,FRA,Provence-Alpes-Côte,134222
830,Cadiz,PHL,Western Visayas,141954
2975,Marseille,FRA,Provence-Alpes-Côte,798430
2455,Antananarivo,MDG,Antananarivo,675669
3286,Pate,TWN,Taoyuan,161700
1526,Salzburg,AUT,Salzburg,144247
3873,Akron,USA,Ohio,217074
649,San Miguel,SLV,San Miguel,127696
3633,Belgorod,RUS,Belgorod,342000
1892,Chongqing,CHN,Chongqing,6351600
658,Málaga,ESP,Andalusia,530553
893,Sultan Kudarat,PHL,ARMM,94861
1385,Karaj,IRN,Teheran,940968
3102,Lübeck,DEU,Schleswig-Holstein,213326
2695,Monaco-Ville,MCO,–,1234
665,Vigo,ESP,Galicia,283670
1116,Mangalore,IND,Karnataka,273304
1755,Tsuruoka,JPN,Yamagata,100713
3752,Bataisk,RUS,Rostov-na-Donu,97300
535,Saint Helier,GBR,Jersey,27523
1305,Guntakal,IND,Andhra Pradesh,107592
208,Salvador,BRA,Bahia,2302832
1151,Thanjavur,IND,Tamil Nadu,202013
1944,Jinzhou,CHN,Liaoning,570000
2474,Seremban,MYS,Negeri Sembilan,182869
1276,Dibrugarh,IND,Assam,120127
48,Tlemcen (Tilimsen),DZA,Tlemcen,110242
2111,Chenzhou,CHN,Hunan,169400
991,Pangkal Pinang,IDN,Sumatera Selatan,124000
3376,Tarsus,TUR,Adana,246206
1464,Roma,ITA,Latium,2643581
2795,Inisa,NGA,Oyo & Osun,119800
3811,Milwaukee,USA,Wisconsin,596974
138,Central Coast,AUS,New South Wales,227657
1206,Durg,IND,Chhatisgarh,150645
365,Poços de Caldas,BRA,Minas Gerais,129683
2024,Luzhou,CHN,Sichuan,262892
2266,Santa Marta,COL,Magdalena,359147
2991,Dijon,FRA,Bourgogne,149867
19,Zaanstad,NLD,Noord-Holland,135621
3641,Tšita,RUS,Tšita,309900
972,Jember,IDN,East Java,218500
1899,Nanking [Nanjing],CHN,Jiangsu,2870300
1628,Atsugi,JPN,Kanagawa,212407
2263,Bucaramanga,COL,Santander,515555
2763,Oyo,NGA,Oyo & Osun,256400
3987,Columbia,USA,South Carolina,116278
2425,Sancti-Spíritus,CUB,Sancti-Spíritus,100751
1728,Higashikurume,JPN,Tokyo-to,111666
1191,Machilipatnam (Masulipatam),IND,Andhra Pradesh,159110
3869,Greensboro,USA,North Carolina,223891
3965,Corona,USA,California,124966
3986,Palmdale,USA,California,116670
3966,Flint,USA,Michigan,124943
3225,Khartum,SDN,Khartum,947483
899,Candelaria,PHL,Southern Tagalog,92429
2590,Metepec,MEX,México,194265
1746,Hikone,JPN,Shiga,105508
595,Cuenca,ECU,Azuay,270353
1086,Bhubaneswar,IND,Orissa,411542
1125,Jalgaon,IND,Maharashtra,242193
1380,Teheran,IRN,Teheran,6758845
2461,Blantyre,MWI,Blantyre,478155
1853,Saanich,CAN,British Colombia,101388
3427,Harkova [Harkiv],UKR,Harkova,1500000
1166,Avadi,IND,Tamil Nadu,183215
2216,Bozhou,CHN,Anhui,106346
938,Longyearbyen,SJM,Länsimaa,1438
105,San Salvador de Jujuy,ARG,Jujuy,178748
250,Mauá,BRA,São Paulo,375055
2287,Cartago,COL,Valle,125884
2272,Armenia,COL,Quindío,288977
2934,Szczecin,POL,Zachodnio-Pomorskie,416988
3380,Sultanbeyli,TUR,Istanbul,211068
3566,Guanare,VEN,Portuguesa,125621
3287,Fengyuan,TWN,Taichung,161032
3849,Tampa,USA,Florida,303447
2233,Xinzhou,CHN,Shanxi,98667
3962,Grand Prairie,USA,Texas,127427
1850,Guelph,CAN,Ontario,103593
3459,Melitopol,UKR,Zaporizzja,169000
1909,Kunming,CHN,Yunnan,1829500
1868,Aqtöbe,KAZ,Aqtöbe,253100
3103,Hagen,DEU,Nordrhein-Westfalen,205201
3541,Barquisimeto,VEN,Lara,877239
2181,Kaiyuan,CHN,Liaoning,124219
383,Sapucaia do Sul,BRA,Rio Grande do Sul,120217
31,Heerlen,NLD,Limburg,95052
2001,Tengzhou,CHN,Shandong,315083
3859,Riverside,USA,California,255166
3910,Knoxville,USA,Tennessee,173890
3,Herat,AFG,Herat,186800
3128,Wolfsburg,DEU,Niedersachsen,121954
2312,Uvira,COD,South Kivu,115590
1683,Ome,JPN,Tokyo-to,139216
2564,Nuevo Laredo,MEX,Tamaulipas,310277
866,Silay,PHL,Western Visayas,107722
3417,Inegöl,TUR,Bursa,90500
2937,Katowice,POL,Slaskie,345934
2633,Piedras Negras,MEX,Coahuila de Zaragoza,127898
404,Rio Verde,BRA,Goiás,107755
3837,Minneapolis,USA,Minnesota,382618
2319,Hamhung,PRK,Hamgyong N,709730
3094,Augsburg,DEU,Baijeri,254867
3900,San Bernardino,USA,California,185401
657,Zaragoza,ESP,Aragonia,603367
1698,Urayasu,JPN,Chiba,127550
962,Manado,IDN,Sulawesi Utara,332288
1389,Urmia,IRN,West Azerbaidzan,435200
2706,Tete,MOZ,Tete,101984
578,Curicó,CHL,Maule,115766
452,Barra do Piraí,BRA,Rio de Janeiro,89388
3142,Koblenz,DEU,Rheinland-Pfalz,108003
1685,Yamaguchi,JPN,Yamaguchi,138210
3998,Springfield,USA,Illinois,111454
97,Esteban Echeverría,ARG,Buenos Aires,235760
2680,Tantoyuca,MEX,Veracruz,94709
1900,Changchun,CHN,Jilin,2812000
2838,Larkana,PAK,Sindh,270366
2780,Gusau,NGA,Sokoto & Kebbi & Zam,158000
1469,Genova,ITA,Liguria,636104
3073,Essen,DEU,Nordrhein-Westfalen,599515
719,Vanderbijlpark,ZAF,Gauteng,468931
3773,Biên Hoa,VNM,Dong Nai,282095
2281,Sincelejo,COL,Sucre,220704
438,Birigui,BRA,São Paulo,94685
2926,Mayagüez,PRI,Mayagüez,98434
3298,Nantou,TWN,Nantou,104723
2298,Kinshasa,COD,Kinshasa,5064000
3299,Lungtan,TWN,Taipei,103088
413,Codó,BRA,Maranhão,103153
2268,Bello,COL,Antioquia,333470
2077,Dongtai,CHN,Jiangsu,192247
1352,Chhindwara,IND,Madhya Pradesh,93731
565,Talca,CHL,Maule,187557
1998,Tonghua,CHN,Jilin,324600
772,Valenzuela,PHL,National Capital Reg,485433
355,Cotia,BRA,São Paulo,140042
2722,Henzada (Hinthada),MMR,Irrawaddy [Ayeyarwad,104700
247,Santos,BRA,São Paulo,408748
3544,Petare,VEN,Miranda,488868
3968,Mesquite,USA,Texas,124523
1224,Kollam (Quilon),IND,Kerala,139852
458,Glasgow,GBR,Scotland,619680
2448,Kaunas,LTU,Kaunas,412639
3147,Witten,DEU,Nordrhein-Westfalen,103384
3106,Erfurt,DEU,Thüringen,201267
3005,Mulhouse,FRA,Alsace,110359
1204,Raiganj,IND,West Bengali,151045
3921,Ontario,USA,California,158007
2085,Yiyang,CHN,Hunan,185818
733,Soshanguve,ZAF,Gauteng,242727
1591,Toyama,JPN,Toyama,325790
3939,Vancouver,USA,Washington,143560
2475,Kuching,MYS,Sarawak,148059
3973,Concord,USA,California,121780
990,Waru,IDN,East Java,124300
2748,Port Harcourt,NGA,Rivers & Bayelsa,410000
1523,Wien,AUT,Wien,1608144
1132,Tiruppur (Tirupper),IND,Tamil Nadu,235661
1780,Sanaa,YEM,Sanaa,503600
1320,Wardha,IND,Maharashtra,102985
1416,Malayer,IRN,Hamadan,144373
3392,Adiyaman,TUR,Adiyaman,141529
2045,Gongziling,CHN,Jilin,226569
2148,Weinan,CHN,Shaanxi,140169
1724,Yaizu,JPN,Shizuoka,117258
2118,Xiaoshan,CHN,Zhejiang,162930
2659,Hidalgo,MEX,Michoacán de Ocampo,106198
2553,Benito Juárez,MEX,Quintana Roo,419276
1735,Muroran,JPN,Hokkaido,108275
3435,Mariupol,UKR,Donetsk,490000
3848,Toledo,USA,Ohio,313619
1961,Bengbu,CHN,Anhui,449245
886,Bislig,PHL,Caraga,97860
2517,Ecatepec de Morelos,MEX,México,1620303
508,Watford,GBR,England,113080
3169,Apia,WSM,Upolu,35900
1359,Hassan,IND,Karnataka,90803
3625,Murmansk,RUS,Murmansk,376300
2591,Monclova,MEX,Coahuila de Zaragoza,193657
3072,Frankfurt am Main,DEU,Hessen,643821
1579,Nara,JPN,Nara,362812
1689,Musashino,JPN,Tokyo-to,134426
3237,Espoo,FIN,Newmaa,213271
3112,Mülheim an der Ruhr,DEU,Nordrhein-Westfalen,173895
1511,Udine,ITA,Friuli-Venezia Giuli,94932
1561,Kanazawa,JPN,Ishikawa,455386
66,Sharja,ARE,Sharja,320095
441,Bacabal,BRA,Maranhão,93121
1207,Munger (Monghyr),IND,Bihar,150112
506,Rotherham,GBR,England,121380
214,Porto Alegre,BRA,Rio Grande do Sul,1314032
3619,Brjansk,RUS,Brjansk,457400
23,Dordrecht,NLD,Zuid-Holland,119811
102,Posadas,ARG,Misiones,201273
4018,Wichita Falls,USA,Texas,104197
1661,Sayama,JPN,Saitama,162472
2808,Bergen,NOR,Hordaland,230948
219,Campinas,BRA,São Paulo,950043
3296,Taitung,TWN,Taitung,111039
1772,Isahaya,JPN,Nagasaki,93058
3771,Haiphong,VNM,Haiphong,783133
1272,Bhimavaram,IND,Andhra Pradesh,121314
3052,Linköping,SWE,East Götanmaan län,133168
3340,Brno,CZE,Jizní Morava,381862
67,al-Ayn,ARE,Abu Dhabi,225970
547,Dobric,BGR,Varna,100399
2649,Atlixco,MEX,Puebla,117019
3200,Kaolack,SEN,Kaolack,199000
3649,Bratsk,RUS,Irkutsk,277600
1213,Hardwar (Haridwar),IND,Uttaranchal,147305
2751,Onitsha,NGA,Anambra & Enugu & Eb,371900
2776,Shaki,NGA,Oyo & Osun,174500
1622,Shimizu,JPN,Shizuoka,239123
175,Antwerpen,BEL,Antwerpen,446525
1717,Aizuwakamatsu,JPN,Fukushima,119287
3861,Bakersfield,USA,California,247057
3552,Cabimas,VEN,Zulia,221329
470,Nottingham,GBR,England,287000
2896,Chimbote,PER,Ancash,336000
2052,Yangjiang,CHN,Guangdong,215196
3756,Zukovski,RUS,Moskova,96500
3108,Saarbrücken,DEU,Saarland,183836
1784,al-Mukalla,YEM,Hadramawt,122400
589,La Romana,DOM,La Romana,140204
1810,Montréal,CAN,Québec,1016376
2357,Kunsan,KOR,Chollabuk,266569
2652,El Mante,MEX,Tamaulipas,112453
3759,Zeleznogorsk,RUS,Krasnojarsk,94000
4060,Santa Monica,USA,California,91084
1439,Bandar-e Anzali,IRN,Gilan,98500
3806,Jacksonville,USA,Florida,735167
3113,Solingen,DEU,Nordrhein-Westfalen,165583
472,Plymouth,GBR,England,253000
1214,Dabgram,IND,West Bengali,147217
2858,Hafizabad,PAK,Punjab,130200
1220,Yamuna Nagar,IND,Haryana,144346
948,Bandar Lampung,IDN,Lampung,680332
3316,Århus,DNK,Århus,284846
327,Alvorada,BRA,Rio Grande do Sul,175574
2601,Tecámac,MEX,México,172410
323,Jequié,BRA,Bahia,179128
860,Polomolok,PHL,Southern Mindanao,110709
1197,Lalbahadur Nagar,IND,Andhra Pradesh,155500
1368,Kirkuk,IRQ,al-Tamim,418624
1192,Bhatinda (Bathinda),IND,Punjab,159042
3562,Puerto La Cruz,VEN,Anzoátegui,155700
2066,Yixing,CHN,Jiangsu,200824
2060,Xuchang,CHN,Henan,208815
516,York,GBR,England,104425
3872,Glendale,USA,Arizona,218812
3008,Perpignan,FRA,Languedoc-Roussillon,105115
910,Accra,GHA,Greater Accra,1070000
2527,Culiacán,MEX,Sinaloa,744859
1225,Kumbakonam,IND,Tamil Nadu,139483
509,Ipswich,GBR,England,114000
3000,Villeurbanne,FRA,Rhône-Alpes,124215
69,Buenos Aires,ARG,Distrito Federal,2982146
3092,Mönchengladbach,DEU,Nordrhein-Westfalen,263697
76,La Plata,ARG,Buenos Aires,521936
2337,Ulsan,KOR,Kyongsangnam,1084891
596,Machala,ECU,El Oro,210368
4025,Santa Clara,USA,California,102361
3059,Lund,SWE,Skåne län,98948
310,Taboão da Serra,BRA,São Paulo,197550
663,Valladolid,ESP,Castilla and León,319998
3444,Tšerkasy,UKR,Tšerkasy,309000
1723,Okinawa,JPN,Okinawa,117748
1501,Terni,ITA,Umbria,107770
834,San Mateo,PHL,Southern Tagalog,135603
501,Blackburn,GBR,England,140000
2359,Kimhae,KOR,Kyongsangnam,256370
2273,Villavicencio,COL,Meta,273140
1914,Guiyang,CHN,Guizhou,1465200
2376,Koje,KOR,Kyongsangnam,147562
2679,Tejupilco,MEX,México,94934
3826,Long Beach,USA,California,461522
3452,Rivne,UKR,Rivne,245000
311,São José dos Pinhais,BRA,Paraná,196884
1781,Aden,YEM,Aden,398300
3153,Iserlohn,DEU,Nordrhein-Westfalen,99474
1530,Kingston,JAM,St. Andrew,103962
812,Santa Rosa,PHL,Southern Tagalog,185633
3821,Oklahoma City,USA,Oklahoma,506132
343,Maracanaú,BRA,Ceará,162022
446,Votorantim,BRA,São Paulo,91777
284,Uberaba,BRA,Minas Gerais,249225
2485,Casablanca,MAR,Casablanca,2940623
895,Bayugan,PHL,Caraga,93623
880,Daraga (Locsin),PHL,Bicol,101031
3614,Astrahan,RUS,Astrahan,486100
3021,Cluj-Napoca,ROM,Cluj,332498
149,al-Manama,BHR,al-Manama,148000
373,Ibirité,BRA,Minas Gerais,125982
3661,Severodvinsk,RUS,Arkangeli,229300
3758,Bugulma,RUS,Tatarstan,94100
211,Brasília,BRA,Distrito Federal,1969868
1172,Mira Bhayandar,IND,Maharashtra,175372
3794,Los Angeles,USA,California,3694820
3248,Bern,CHE,Bern,122700
533,Eastbourne,GBR,England,90000
1333,Tonk,IND,Rajasthan,100079
2696,Ulan Bator,MNG,Ulaanbaatar,773700
3755,Zeleznogorsk,RUS,Kursk,96900
235,Uberlândia,BRA,Minas Gerais,487222
2486,Rabat,MAR,Rabat-Salé-Zammour-Z,623457
111,Las Heras,ARG,Mendoza,145823
3593,Voronez,RUS,Voronez,907700
4006,Costa Mesa,USA,California,108724
1571,Hirakata,JPN,Osaka,403151
287,Blumenau,BRA,Santa Catarina,244379
2917,Coímbra,PRT,Coímbra,96100
1428,Saqqez,IRN,Kordestan,115394
2249,Junan,CHN,Shandong,90222
351,Camaçari,BRA,Bahia,149146
1053,Jabalpur,IND,Madhya Pradesh,741927
1101,Akola,IND,Maharashtra,328034
93,Berazategui,ARG,Buenos Aires,276916
2686,El Fuerte,MEX,Sinaloa,89556
417,Itaituba,BRA,Pará,101320
1999,Siping,CHN,Jilin,317223
3192,Ara´ar,SAU,al-Khudud al-Samaliy,108100
125,Tandil,ARG,Buenos Aires,91101
1513,Andria,ITA,Apulia,94443
3875,Madison,USA,Wisconsin,208054
1160,Nagar Coil,IND,Tamil Nadu,190084
1410,Sabzevar,IRN,Khorasan,170738
1743,Kusatsu,JPN,Shiga,106232
2745,Oshogbo,NGA,Oyo & Osun,476800
3354,Kairouan,TUN,Kairouan,113100
1263,Pathankot,IND,Punjab,123930
1732,Iwatsuki,JPN,Saitama,110034
3079,Hannover,DEU,Niedersachsen,514718
2631,Dolores Hidalgo,MEX,Guanajuato,128675
1188,Ganganagar,IND,Rajasthan,161482
1653,Sakura,JPN,Chiba,168072
1045,Patna,IND,Bihar,917243
437,Coronel Fabriciano,BRA,Minas Gerais,95933
3984,Thousand Oaks,USA,California,117005
3927,Salinas,USA,California,151060
3808,Austin,USA,Texas,656562
2859,Kohat,PAK,Nothwest Border Prov,125300
3701,Dimitrovgrad,RUS,Uljanovsk,137000
3568,Catia La Mar,VEN,Distrito Federal,117012
2316,Bantam,CCK,Home Island,503
3611,Tula,RUS,Tula,506100
2831,Islamabad,PAK,Islamabad,524500
414,Jaraguá do Sul,BRA,Santa Catarina,102580
164,Sylhet,BGD,Sylhet,117396
3361,Bursa,TUR,Bursa,1095842
572,La Serena,CHL,Coquimbo,137409
1855,Delta,CAN,British Colombia,95411
2758,Enugu,NGA,Anambra & Enugu & Eb,316100
838,Dagupan,PHL,Ilocos,130328
711,Torrejón de Ardoz,ESP,Madrid,92262
1199,Uluberia,IND,West Bengali,155172
3972,Topeka,USA,Kansas,122377
3983,Stamford,USA,Connecticut,117083
521,Colchester,GBR,England,96063
1436,Marv Dasht,IRN,Fars,103579
3956,Savannah,USA,Georgia,131510
3378,Elâzig,TUR,Elâzig,228815
898,Sorsogon,PHL,Bicol,92512
1468,Palermo,ITA,Sisilia,683794
3260,Idlib,SYR,Idlib,91081
634,Kafr al-Shaykh,EGY,Kafr al-Shaykh,124819
229,Campo Grande,BRA,Mato Grosso do Sul,649593
148,Nassau,BHS,New Providence,172000
2204,Xuangzhou,CHN,Anhui,112673
1459,Bat Yam,ISR,Tel Aviv,137000
2478,Alor Setar,MYS,Kedah,124412
3835,Tulsa,USA,Oklahoma,393049
2770,Ilobu,NGA,Oyo & Osun,199000
1832,Québec,CAN,Québec,167264
2655,Acámbaro,MEX,Guanajuato,110487
985,Kupang,IDN,Nusa Tenggara Timur,129300
1924,Tangshan,CHN,Hebei,1040000
2079,Honghu,CHN,Hubei,190772
1330,Haldia,IND,West Bengali,100347
2000,Changzhi,CHN,Shanxi,317144
1783,Hodeida,YEM,Hodeida,298500
3668,Balakovo,RUS,Saratov,206000
1164,Bhilwara,IND,Rajasthan,183965
2738,Niamey,NER,Niamey,420000
1134,South Dum Dum,IND,West Bengali,232811
2853,Jhelum,PAK,Punjab,145800
260,Cariacica,BRA,Espírito Santo,319033
2792,Ikire,NGA,Oyo & Osun,123300
3490,Kecskemét,HUN,Bács-Kiskun,105606
2699,Matola,MOZ,Maputo,424662
1738,Iida,JPN,Nagano,107583
1105,Udaipur,IND,Rajasthan,308571
2698,Maputo,MOZ,Maputo,1018938
3651,Surgut,RUS,Hanti-Mansia,274900
2086,Quanzhou,CHN,Fujian,185154
166,Tangail,BGD,Dhaka,106004
1487,Perugia,ITA,Umbria,156673
3251,Aleppo,SYR,Aleppo,1261983
1711,Kisarazu,JPN,Chiba,121967
3753,Nojabrsk,RUS,Yamalin Nenetsia,97300
2757,Maiduguri,NGA,Borno & Yobe,320000
2363,Wonju,KOR,Kang-won,237460
3182,al-Mubarraz,SAU,al-Sharqiya,219100
1371,al-Najaf,IRQ,al-Najaf,309010
165,Brahmanbaria,BGD,Chittagong,109032
606,Ríobamba,ECU,Chimborazo,123163
3597,Uljanovsk,RUS,Uljanovsk,667400
1208,Kanchipuram,IND,Tamil Nadu,150100
1505,Piacenza,ITA,Emilia-Romagna,98384
3099,Magdeburg,DEU,Anhalt Sachsen,235073
2592,Huixquilucan,MEX,México,193156
2759,Ede,NGA,Oyo & Osun,307100
3190,Yanbu,SAU,Medina,119800
1217,Hapur,IND,Uttar Pradesh,146262
2558,Ensenada,MEX,Baja California,369573
1475,Messina,ITA,Sisilia,259156
2180,Chuzhou,CHN,Anhui,125341
339,Passo Fundo,BRA,Rio Grande do Sul,166343
612,Port Said,EGY,Port Said,469533
1568,Yokosuka,JPN,Kanagawa,430200
35,Alger,DZA,Alger,2168000
2873,Mandi Bahauddin,PAK,Punjab,97300
1502,Forlì,ITA,Emilia-Romagna,107475
587,Santo Domingo de Guzmán,DOM,Distrito Nacional,1609966
1599,Hakodate,JPN,Hokkaido,294788
2737,Masaya,NIC,Masaya,88971
2133,Suzhou,CHN,Anhui,151862
3683,Abakan,RUS,Hakassia,169200
574,Valdivia,CHL,Los Lagos,133106
2242,Yuzhou,CHN,Henan,92889
2512,Beau Bassin-Rose Hill,MUS,Plaines Wilhelms,100616
1598,Aomori,JPN,Aomori,295969
1616,Fukui,JPN,Fukui,254818
455,Águas Lindas de Goiás,BRA,Goiás,89200
851,Tanauan,PHL,Southern Tagalog,117539
291,Novo Hamburgo,BRA,Rio Grande do Sul,239940
2773,Ilawe-Ekiti,NGA,Ondo & Ekiti,184500
1128,Muzaffarnagar,IND,Uttar Pradesh,240609
858,Hagonoy,PHL,Central Luzon,111425
1608,Yao,JPN,Osaka,276421
2800,Ejigbo,NGA,Oyo & Osun,105900
395,Abaetetuba,BRA,Pará,111258
2098,Maoming,CHN,Guangdong,178683
2886,Ciudad del Este,PRY,Alto Paraná,133881
354,Chapecó,BRA,Santa Catarina,144158
2829,Peshawar,PAK,Nothwest Border Prov,988005
3836,Omaha,USA,Nebraska,390007
3385,Sakarya (Adapazari),TUR,Sakarya,190641
2787,Sapele,NGA,Edo & Delta,139200
2469,Kuala Terengganu,MYS,Terengganu,228119
3667,Zelenograd,RUS,Moscow (City),207100
2882,Ciudad de Panamá,PAN,Panamá,471373
522,Crawley,GBR,England,97000
1982,Qinhuangdao,CHN,Hebei,364972
633,Warraq al-Arab,EGY,Giza,127108
442,Cametá,BRA,Pará,92779
3831,Atlanta,USA,Georgia,416474
3274,Fengshan,TWN,Kaohsiung,318562
977,Ciomas,IDN,West Java,187400
1445,Miandoab,IRN,West Azerbaidzan,90100
4059,Cary,USA,North Carolina,91213
3907,Laredo,USA,Texas,176576
2518,Puebla,MEX,Puebla,1346176
2708,Gurue,MOZ,Zambézia,99300
933,Tegucigalpa,HND,Distrito Central,813900
1701,Minoo,JPN,Osaka,127026
3677,Syzran,RUS,Samara,186900
2727,Yangor,NRU,–,4050
2477,Sandakan,MYS,Sabah,125841
1136,Chandrapur,IND,Maharashtra,226105
694,Huelva,ESP,Andalusia,140583
559,Antofagasta,CHL,Antofagasta,251429
2734,Managua,NIC,Managua,959000
2323,Wonsan,PRK,Kangwon,300148
1750,Fukaya,JPN,Saitama,102156
209,Belo Horizonte,BRA,Minas Gerais,2139125
2179,Luohe,CHN,Henan,126438
2660,Los Cabos,MEX,Baja California Sur,105199
2721,Prome (Pyay),MMR,Pegu [Bago],105700
2372,Paju,KOR,Kyonggi,163379
2778,Ondo,NGA,Ondo & Ekiti,173600
3409,Afyon,TUR,Afyon,103984
3878,Scottsdale,USA,Arizona,202705
768,Davao,PHL,Southern Mindanao,1147116
2225,Guangshui,CHN,Hubei,102770
2667,San Francisco del Rincón,MEX,Guanajuato,100149
3327,Pak Kret,THA,Nonthaburi,126055
2139,Langfang,CHN,Hebei,148105
1838,Oakville,CAN,Ontario,139192
2928,Warszawa,POL,Mazowieckie,1615369
1118,Kamarhati,IND,West Bengali,266889
2824,Faisalabad,PAK,Punjab,1977246
2742,Ibadan,NGA,Oyo & Osun,1432000
2726,Windhoek,NAM,Khomas,169000
1259,Sirsa,IND,Haryana,125000
981,Karawang,IDN,West Java,145000
3637,Tšerepovets,RUS,Vologda,324400
74,Quilmes,ARG,Buenos Aires,559249
2935,Bydgoszcz,POL,Kujawsko-Pomorskie,386855
2700,Beira,MOZ,Sofala,397368
1791,Flying Fish Cove,CXR,–,700
2421,Cienfuegos,CUB,Cienfuegos,132770
110,Formosa,ARG,Formosa,147636
2028,Tongliao,CHN,Inner Mongolia,255129
370,Itapecerica da Serra,BRA,São Paulo,126672
3958,Orange,USA,California,128821
2349,Kwangmyong,KOR,Kyonggi,350914
2453,El-Aaiún,ESH,El-Aaiún,169000
1319,Tellicherry (Thalassery),IND,Kerala,103579
2185,Dujiangyan,CHN,Sichuan,123357
2437,Maseru,LSO,Maseru,297000
2767,Katsina,NGA,Katsina,206500
2888,Lambaré,PRY,Central,99681
1997,Linyi,CHN,Shandong,324720
3789,Da Lat,VNM,Lam Dong,106409
2324,Phyongsong,PRK,Pyongan N,272934
2909,Puno,PER,Puno,101578
1447,Dublin,IRL,Leinster,481854
3990,North Las Vegas,USA,Nevada,115488
3818,Charlotte,USA,North Carolina,540828
3209,Bratislava,SVK,Bratislava,448292
1178,Tirupati,IND,Andhra Pradesh,174369
21,Amersfoort,NLD,Utrecht,126270
3681,Juzno-Sahalinsk,RUS,Sahalin,179200
2102,Puyang,CHN,Henan,175988
155,Rangpur,BGD,Rajshahi,191398
3105,Freiburg im Breisgau,DEU,Baden-Württemberg,202455
3688,Rubtsovsk,RUS,Altai,162600
1662,Yachiyo,JPN,Chiba,161222
2445,Schaan,LIE,Schaan,5346
10,Tilburg,NLD,Noord-Brabant,193238
1971,Zhuzhou,CHN,Hunan,409924
3891,Tacoma,USA,Washington,193556
2155,Anda,CHN,Heilongjiang,136446
3329,Ubon Ratchathani,THA,Ubon Ratchathani,116300
563,Rancagua,CHL,O´Higgins,212977
1337,Sasaram,IND,Bihar,98220
3308,Zanzibar,TZA,Zanzibar West,157634
2925,Guaynabo,PRI,Guaynabo,100053
1298,Gondiya,IND,Maharashtra,109470
2502,Nador,MAR,Oriental,112450
2565,Tepic,MEX,Nayarit,305025
1741,Akishima,JPN,Tokyo-to,106914
3177,al-Dammam,SAU,al-Sharqiya,482300
2457,Antsirabé,MDG,Antananarivo,120239
691,Getafe,ESP,Madrid,145371
2871,Daska,PAK,Punjab,101500
3254,Latakia,SYR,Latakia,264563
3654,Angarsk,RUS,Irkutsk,264700
1040,Vadodara (Baroda),IND,Gujarat,1031346
674,Oviedo,ESP,Asturia,200453
1348,Satara,IND,Maharashtra,95133
624,Assuan,EGY,Assuan,219017
3244,Mbabane,SWZ,Hhohho,61000
1965,Pingxiang,CHN,Jiangxi,425579
2244,Tumen,CHN,Jilin,91471
1373,al-Hilla,IRQ,Babil,268834
3888,Yonkers,USA,New York,196086
3844,Pittsburgh,USA,Pennsylvania,334563
3323,Chiang Mai,THA,Chiang Mai,171100
3951,Pembroke Pines,USA,Florida,137427
2277,Itagüí,COL,Antioquia,228985
2278,Palmira,COL,Valle,226509
2254,Osh,KGZ,Osh,222700
385,Itapetininga,BRA,São Paulo,119391
1260,Korba,IND,Chhatisgarh,124501
1668,Anjo,JPN,Aichi,153823
99,José C. Paz,ARG,Buenos Aires,221754
3347,Ústí nad Labem,CZE,Severní Cechy,95491
3263,Taipei,TWN,Taipei,2641312
3464,Sjeverodonetsk,UKR,Lugansk,127000
2920,Bayamón,PRI,Bayamón,224044
2123,Jinmen,CHN,Hubei,160794
3551,Mérida,VEN,Mérida,224887
1650,Obihiro,JPN,Hokkaido,173685
2894,Callao,PER,Callao,424294
2974,Paris,FRA,Île-de-France,2125246
3511,Fargona,UZB,Fargona,180500
3246,Geneve,CHE,Geneve,173500
613,Suez,EGY,Suez,417610
191,Hamilton,BMU,Hamilton,1200
1458,Netanya,ISR,Ha Merkaz,154900
2546,Atizapán de Zaragoza,MEX,México,467262
3404,Zonguldak,TUR,Zonguldak,111542
3853,Aurora,USA,Colorado,276393
420,Atibaia,BRA,São Paulo,100356
2386,Yongju,KOR,Kyongsangbuk,131097
1407,Sari,IRN,Mazandaran,195882
393,Santa Rita,BRA,Paraíba,113135
1745,Sanda,JPN,Hyogo,105643
3800,Dallas,USA,Texas,1188580
3519,Termiz,UZB,Surkhondaryo,109500
2992,Brest,FRA,Bretagne,149634
3594,Krasnojarsk,RUS,Krasnojarsk,875500
1515,Giugliano in Campania,ITA,Campania,93286
2069,Acheng,CHN,Heilongjiang,197595
1652,Saga,JPN,Saga,170034
864,Mexico,PHL,Central Luzon,109481
2932,Poznan,POL,Wielkopolskie,576899
1768,Maizuru,JPN,Kyoto,94784
3304,Miaoli,TWN,Miaoli,90000
2218,Fu´an,CHN,Fujian,105265
403,Catanduva,BRA,São Paulo,107761
1630,Ageo,JPN,Saitama,209442
2845,Wah,PAK,Punjab,198400
1655,Mitaka,JPN,Tokyo-to,167268
2963,Zielona Góra,POL,Lubuskie,118182
1290,Halisahar,IND,West Bengali,114028
1696,Seto,JPN,Aichi,130470
207,Rio de Janeiro,BRA,Rio de Janeiro,5598953
1484,Parma,ITA,Emilia-Romagna,168717
1824,Surrey,CAN,British Colombia,304477
2322,Sinuiju,PRK,Pyongan P,326011
3369,Sanliurfa,TUR,Sanliurfa,405905
2041,Yanji,CHN,Jilin,230892
796,Baguio,PHL,CAR,252386
917,Nuuk,GRL,Kitaa,13445
2811,Bærum,NOR,Akershus,101340
1084,Calicut (Kozhikode),IND,Kerala,419831
3220,Jaffna,LKA,Northern,149000
4007,Peoria,USA,Arizona,108364
3188,Hafar al-Batin,SAU,al-Sharqiya,137800
1283,Porbandar,IND,Gujarat,116671
1403,Borujerd,IRN,Lorestan,217804
577,Quilpué,CHL,Valparaíso,118857
3053,Västerås,SWE,Västmanlands län,126328
2029,Tieling,CHN,Liaoning,254842
1037,Indore,IND,Madhya Pradesh,1091674
2091,Zhangzhou,CHN,Fujian,181424
3309,Tanga,TZA,Tanga,137400
4020,Daly City,USA,California,103621
576,Copiapó,CHL,Atacama,120128
1611,Kakogawa,JPN,Hyogo,266281
664,Córdoba,ESP,Andalusia,311708
983,Palu,IDN,Sulawesi Tengah,142800
1887,Meru,KEN,Eastern,94947
2070,Dezhou,CHN,Shandong,195485
1834,Richmond,CAN,British Colombia,148867
488,Bournemouth,GBR,England,162000
1328,North Barrackpur,IND,West Bengali,100513
3218,Dehiwala,LKA,Western,203000
2650,Delicias,MEX,Chihuahua,116132
1268,Ambala,IND,Haryana,122596
4023,Gary,USA,Indiana,102746
618,Asyut,EGY,Asyut,343498
852,Concepcion,PHL,Central Luzon,115171
434,Ourinhos,BRA,São Paulo,96291
492,Dundee,GBR,Scotland,146690
49,Béchar,DZA,Béchar,107311
3223,Negombo,LKA,Western,100000
3358,Ankara,TUR,Ankara,3038159
1603,Morioka,JPN,Iwate,287353
2303,Kananga,COD,West Kasai,393030
2160,Hailun,CHN,Heilongjiang,133565
2076,Xinyang,CHN,Henan,192509
2918,Braga,PRT,Braga,90535
1713,Ishinomaki,JPN,Miyagi,120963
1382,Esfahan,IRN,Esfahan,1266072
2899,Cusco,PER,Cusco,291000
2832,Sargodha,PAK,Punjab,455360
249,Campos dos Goytacazes,BRA,Rio de Janeiro,398418
775,Taguig,PHL,National Capital Reg,467375
3856,Lexington-Fayette,USA,Kentucky,260512
210,Fortaleza,BRA,Ceará,2097757
3489,Nyiregyháza,HUN,Szabolcs-Szatmár-Ber,112419
3284,Tali,TWN,Taichung,171940
4065,Carson,USA,California,89089
3261,Dushanbe,TJK,Karotegin,524000
3778,Nam Dinh,VNM,Nam Ha,171699
1465,Milano,ITA,Lombardia,1300977
1457,Ashdod,ISR,Ha Darom,155800
1280,Fatehpur,IND,Uttar Pradesh,117675
2248,Shaowu,CHN,Fujian,90286
3373,Denizli,TUR,Denizli,253848
3249,Lausanne,CHE,Vaud,114500
919,Basse-Terre,GLP,Basse-Terre,12433
2848,Nawabshah,PAK,Sind,183100
1246,Rae Bareli,IND,Uttar Pradesh,129904
143,Cairns,AUS,Queensland,92273
2865,Pak Pattan,PAK,Punjab,107800
1169,Bilaspur,IND,Chhatisgarh,179833
3297,Hualien,TWN,Hualien,108407
3947,Hollywood,USA,Florida,139357
876,San Fernando,PHL,Ilocos,102082
2196,Hongjiang,CHN,Hunan,116188
1681,Omuta,JPN,Fukuoka,142889
3022,Galati,ROM,Galati,330276
2731,Pokhara,NPL,Western,146318
159,Jessore,BGD,Khulna,139710
2309,Mbandaka,COD,Equateur,169841
1121,Bhagalpur,IND,Bihar,253225
1016,Pondok Aren,IDN,West Java,92700
1297,Bhind,IND,Madhya Pradesh,109755
51,Ech-Chleff (el-Asnam),DZA,Chlef,96794
2860,Muzaffargarh,PAK,Punjab,121600
707,Marbella,ESP,Andalusia,101144
3381,Izmit (Kocaeli),TUR,Kocaeli,210068
1022,Banyuwangi,IDN,East Java,89900
1492,Ferrara,ITA,Emilia-Romagna,132127
3851,Saint Paul,USA,Minnesota,287151
1718,Higashihiroshima,JPN,Hiroshima,119166
2026,Shizuishan,CHN,Ningxia,257862
326,Americana,BRA,São Paulo,177409
2549,Irapuato,MEX,Guanajuato,440039
557,Valparaíso,CHL,Valparaíso,293800
389,Queimados,BRA,Rio de Janeiro,115020
2938,Bialystok,POL,Podlaskie,283937
2279,Buenaventura,COL,Valle,224336
3051,Uppsala,SWE,Uppsala län,189569
134,Adelaide,AUS,South Australia,978100
3827,Albuquerque,USA,New Mexico,448607
3006,Rouen,FRA,Haute-Normandie,106592
2370,Yosu,KOR,Chollanam,183596
776,Cagayan de Oro,PHL,Northern Mindanao,461877
1804,Yaoundé,CMR,Centre,1372800
1106,New Bombay,IND,Maharashtra,307297
3820,Portland,USA,Oregon,529121
957,Samarinda,IDN,Kalimantan Timur,399175
829,Pagadian,PHL,Western Mindanao,142515
2493,Kénitra,MAR,Gharb-Chrarda-Béni H,292600
1461,Ramat Gan,ISR,Tel Aviv,126900
2087,Rizhao,CHN,Shandong,185048
902,Libreville,GAB,Estuaire,419000
3805,San Francisco,USA,California,776733
3007,Boulogne-Billancourt,FRA,Île-de-France,106367
1570,Gifu,JPN,Gifu,408007
710,Santiago de Compostela,ESP,Galicia,93745
832,Toledo,PHL,Central Visayas,141174
2125,Ulanhot,CHN,Inner Mongolia,159538
2943,Kielce,POL,Swietokrzyskie,212383
3529,Pinsk,BLR,Brest,130000
1761,Isehara,JPN,Kanagawa,98123
1551,Funabashi,JPN,Chiba,545299
2466,Johor Baharu,MYS,Johor,328436
3351,Ariana,TUN,Ariana,197000
3716,Mitšurinsk,RUS,Tambov,120700
3533,Lida,BLR,Grodno,101000
1241,Bharuch (Broach),IND,Gujarat,133102
3060,Borås,SWE,West Götanmaan län,96883
3885,Des Moines,USA,Iowa,198682
1925,Baotou,CHN,Inner Mongolia,980000
226,Teresina,BRA,Piauí,691942
1046,Srinagar,IND,Jammu and Kashmir,892506
1504,Novara,ITA,Piemonte,102037
3706,Pjatigorsk,RUS,Stavropol,132500
3616,Kirov,RUS,Kirov,466200
1825,Brampton,CAN,Ontario,296711
290,Volta Redonda,BRA,Rio de Janeiro,240315
261,Vila Velha,BRA,Espírito Santo,318758
1067,Rajkot,IND,Gujarat,559407
2979,Nantes,FRA,Pays de la Loire,270251
3591,Perm,RUS,Perm,1009700
2670,San Pedro Cholula,MEX,Puebla,99734
3636,Mahatškala,RUS,Dagestan,332800
3744,Zelenodolsk,RUS,Tatarstan,100200
2404,Patras,GRC,West Greece,153344
1386,Ahvaz,IRN,Khuzestan,804980
675,Móstoles,ESP,Madrid,195351
3259,al-Raqqa,SYR,al-Raqqa,108020
705,Mataró,ESP,Katalonia,104095
3603,Irkutsk,RUS,Irkutsk,593700
1754,Kamagaya,JPN,Chiba,100821
721,Alberton,ZAF,Gauteng,410102
1821,Hamilton,CAN,Ontario,335614
956,Pontianak,IDN,Kalimantan Barat,409632
2004,Dongwan,CHN,Guangdong,308669
292,Caucaia,BRA,Ceará,238738
3419,Ashgabat,TKM,Ahal,540600
699,Logroño,ESP,La Rioja,127093
126,Yerevan,ARM,Yerevan,1248700
1353,Bansberia,IND,West Bengali,93447
3124,Regensburg,DEU,Baijeri,125236
2638,Manzanillo,MEX,Colima,124014
685,Almería,ESP,Andalusia,169027
2314,Goma,COD,North Kivu,109094
2688,Weno,FSM,Chuuk,22000
2643,Zinacantepec,MEX,México,121715
591,San Francisco de Macorís,DOM,Duarte,108485
2578,Pachuca de Soto,MEX,Hidalgo,244688
818,Meycauayan,PHL,Central Luzon,163037
1279,Neyveli,IND,Tamil Nadu,118080
1879,Taldyqorghan,KAZ,Almaty,98000
3334,Nuku´alofa,TON,Tongatapu,22400
3266,Tainan,TWN,Tainan,728060
252,Olinda,BRA,Pernambuco,354732
2881,Koror,PLW,Koror,12000
2749,Zaria,NGA,Kaduna,379200
2970,Jaworzno,POL,Slaskie,97929
912,Tamale,GHA,Northern,151069
683,Leganés,ESP,Madrid,173163
524,Solihull,GBR,England,94531
2361,Mokpo,KOR,Chollanam,247452
1548,Sagamihara,JPN,Kanagawa,586300
1317,Gandhidham,IND,Gujarat,104585
2228,Zhucheng,CHN,Shandong,102134
3714,Atšinsk,RUS,Krasnojarsk,121600
2158,Xichang,CHN,Sichuan,134419
453,Bento Gonçalves,BRA,Rio Grande do Sul,89254
2255,Bikenibeu,KIR,South Tarawa,5055
3832,Sacramento,USA,California,407018
2537,Morelia,MEX,Michoacán de Ocampo,619958
2666,Hidalgo del Parral,MEX,Chihuahua,100881
3232,al-Qadarif,SDN,al-Qadarif,191164
2435,Daugavpils,LVA,Daugavpils,114829
1992,Chifeng,CHN,Inner Mongolia,350077
2584,Cárdenas,MEX,Tabasco,216903
3824,Las Vegas,USA,Nevada,478434
1427,Masjed-e-Soleyman,IRN,Khuzestan,116883
2897,Huancayo,PER,Junín,327000
3325,Hat Yai,THA,Songkhla,148632
3256,Dayr al-Zawr,SYR,Dayr al-Zawr,140459
3455,Ternopil,UKR,Ternopil,236000
3663,Niznekamsk,RUS,Tatarstan,223400
1543,Sendai,JPN,Miyagi,989975
529,Halifax,GBR,England,91069
1489,Reggio nell´ Emilia,ITA,Emilia-Romagna,143664
1687,Yonago,JPN,Tottori,136461
2163,Wuwei,CHN,Gansu,133101
1375,al-Amara,IRQ,Maysan,208797
1506,Ancona,ITA,Marche,98329
3193,al-Qatif,SAU,al-Sharqiya,98900
2153,Xianning,CHN,Hubei,136811
3678,Grozny,RUS,Tšetšenia,186000
1563,Ichikawa,JPN,Chiba,441893
238,Sorocaba,BRA,São Paulo,466823
652,Asmara,ERI,Maekel,431000
3206,Victoria,SYC,Mahé,41000
4075,Khan Yunis,PSE,Khan Yunis,123175
1947,Changzhou,CHN,Jiangsu,530000
778,Makati,PHL,National Capital Reg,444867
732,Klerksdorp,ZAF,North West,261911
1431,Mahabad,IRN,West Azerbaidzan,107799
1700,Niihama,JPN,Ehime,127207
1265,Palghat (Palakkad),IND,Kerala,123289
2420,Bayamo,CUB,Granma,141000
2048,Ganzhou,CHN,Jiangxi,220129
3776,Can Tho,VNM,Can Tho,215587
1569,Kurashiki,JPN,Okayama,425103
3137,Salzgitter,DEU,Niedersachsen,112934
3670,Pihkova,RUS,Pihkova,201500
3267,Panchiao,TWN,Taipei,523850
163,Bogra,BGD,Rajshahi,120170
255,Caxias do Sul,BRA,Rio Grande do Sul,349581
3250,Damascus,SYR,Damascus,1347000
3933,Overland Park,USA,Kansas,149080
202,Banja Luka,BIH,Republika Srpska,143079
2014,Shashi,CHN,Hubei,281352
3149,Erlangen,DEU,Baijeri,100750
107,Neuquén,ARG,Neuquén,167296
2715,Monywa,MMR,Sagaing,138600
1525,Linz,AUT,North Austria,188022
764,Suva,FJI,Central,77366
1402,Eslamshahr,IRN,Teheran,265450
1736,Komatsu,JPN,Ishikawa,107937
1158,Sangli,IND,Maharashtra,193197
681,Donostia-San Sebastián,ESP,Baskimaa,179208
3572,Pozuelos,VEN,Anzoátegui,105690
2830,Quetta,PAK,Baluchistan,560307
2364,Kunpo,KOR,Kyonggi,235233
3595,Saratov,RUS,Saratov,874000
1962,Xiangtan,CHN,Hunan,441968
2397,Naju,KOR,Chollanam,107831
2301,Kolwezi,COD,Shaba,417810
3067,Saint-Pierre,SPM,Saint-Pierre,5808
2447,Vilnius,LTU,Vilna,577969
1744,Kuwana,JPN,Mie,106121
3809,Baltimore,USA,Maryland,651154
1102,Belgaum,IND,Karnataka,326399
1881,Nairobi,KEN,Nairobi,2290000
1740,Kokubunji,JPN,Tokyo-to,106996
3035,Buzau,ROM,Buzau,148372
2815,Daloa,CIV,Daloa,121842
1672,Matsue,JPN,Shimane,149821
1039,Ludhiana,IND,Punjab,1042740
2264,Ibagué,COL,Tolima,393664
3791,Tallinn,EST,Harjumaa,403981
124,San Rafael,ARG,Mendoza,94651
1753,Kasuga,JPN,Fukuoka,101344
1252,Malkajgiri,IND,Andhra Pradesh,126066
3393,Trabzon,TUR,Trabzon,138234
411,Guaratinguetá,BRA,São Paulo,103433
2459,Fianarantsoa,MDG,Fianarantsoa,99005
3576,Araure,VEN,Portuguesa,94269
62,The Valley,AIA,–,595
659,Bilbao,ESP,Baskimaa,357589
3567,Carúpano,VEN,Sucre,119639
3760,Novouralsk,RUS,Sverdlovsk,93300
1891,Peking,CHN,Peking,7472000
1098,Malegaon,IND,Maharashtra,342595
1332,Kanchrapara,IND,West Bengali,100194
3331,Nakhon Pathom,THA,Nakhon Pathom,94100
150,Dhaka,BGD,Dhaka,3612850
3498,Waitakere,NZL,Auckland,170600
1807,Bamenda,CMR,Nord-Ouest,138000
3694,Kolomna,RUS,Moskova,150700
2634,Altamira,MEX,Tamaulipas,127490
361,São Caetano do Sul,BRA,São Paulo,133321
22,Maastricht,NLD,Limburg,122087
3858,Louisville,USA,Kentucky,256231
3384,Balikesir,TUR,Balikesir,196382
1994,Nantong,CHN,Jiangsu,343341
2810,Stavanger,NOR,Rogaland,108848
3499,Wellington,NZL,Wellington,166700
2436,Liepaja,LVA,Liepaja,89439
1779,Tsuyama,JPN,Okayama,91170
873,Cauayan,PHL,Cagayan Valley,103952
3115,Ludwigshafen am Rhein,DEU,Rheinland-Pfalz,163771
3335,Chaguanas,TTO,Caroni,56601
2143,Jinhua,CHN,Zhejiang,144280
3626,Ulan-Ude,RUS,Burjatia,370400
1126,Muzaffarpur,IND,Bihar,241107
1321,Rishra,IND,West Bengali,102649
1019,Batam,IDN,Riau,91871
1674,Hitachinaka,JPN,Tokyo-to,148006
3478,Izmajil,UKR,Odesa,90000
2535,Aguascalientes,MEX,Aguascalientes,643360
2083,Linfen,CHN,Shanxi,187309
2128,Rui´an,CHN,Zhejiang,156468
1275,Mandya,IND,Karnataka,120265
2356,Kyongju,KOR,Kyongsangbuk,272968
4034,San Buenaventura,USA,California,100916
2046,Xiantao,CHN,Hubei,222884
1889,Bangui,CAF,Bangui,524000
623,Kafr al-Dawwar,EGY,al-Buhayra,231978
3613,Kemerovo,RUS,Kemerovo,492700
2980,Strasbourg,FRA,Alsace,264115
1601,Yokkaichi,JPN,Mie,288173
1749,Ikeda,JPN,Osaka,102710
3970,Sioux Falls,USA,South Dakota,123975
2413,La Habana,CUB,La Habana,2256000
3845,Arlington,USA,Texas,332969
3505,Samarkand,UZB,Samarkand,361800
2637,Cuauhtémoc,MEX,Chihuahua,124279
3852,Corpus Christi,USA,Texas,277454
1346,Mandasor,IND,Madhya Pradesh,95758
2446,Vaduz,LIE,Vaduz,5043
3084,Wuppertal,DEU,Nordrhein-Westfalen,368993
668,L´Hospitalet de Llobregat,ESP,Katalonia,247986
3680,Berezniki,RUS,Perm,181900
2074,Fengcheng,CHN,Jiangxi,193784
1012,Kendari,IDN,Sulawesi Tenggara,94800
954,Denpasar,IDN,Bali,435000
486,Southend-on-Sea,GBR,England,176000
3210,Košice,SVK,Východné Slovensko,241874
3948,Warren,USA,Michigan,138247
3698,Norilsk,RUS,Krasnojarsk,140800
1848,Gloucester,CAN,Ontario,107314
3531,Mozyr,BLR,Gomel,110000
3057,Jönköping,SWE,Jönköpings län,117095
2307,Tshikapa,COD,West Kasai,180860
847,Baliuag,PHL,Central Luzon,119675
2990,Angers,FRA,Pays de la Loire,151279
2846,Dera Ghazi Khan,PAK,Punjab,188100
491,Blackpool,GBR,England,151000
1322,Bhuj,IND,Gujarat,102176
3792,Tartu,EST,Tartumaa,101246
944,Tangerang,IDN,West Java,1198300
1572,Nishinomiya,JPN,Hyogo,397618
831,Bago,PHL,Western Visayas,141721
1286,Purnea (Purnia),IND,Jharkhand,114912
2973,Doha,QAT,Doha,355000
3191,Abha,SAU,Asir,112300
1370,al-Sulaymaniya,IRQ,al-Sulaymaniya,364096
1694,Kakamigahara,JPN,Gifu,131831
911,Kumasi,GHA,Ashanti,385192
1847,Cambridge,CAN,Ontario,109186
1452,Haifa,ISR,Haifa,265700
2284,Dos Quebradas,COL,Risaralda,159363
368,Castanhal,BRA,Pará,127634
493,West Bromwich,GBR,England,146386
3895,Durham,USA,North Carolina,187035
2870,Chishtian Mandi,PAK,Punjab,101700
3513,Margilon,UZB,Fargona,140800
2632,Lagos de Moreno,MEX,Jalisco,127949
579,Ovalle,CHL,Coquimbo,94854
3064,Basseterre,KNA,St George Basseterre,11600
3446,Zytomyr,UKR,Zytomyr,297000
2583,Chalco,MEX,México,222201
1023,Tanjung Pinang,IDN,Riau,89900
3183,Khamis Mushayt,SAU,Asir,217900
3650,Dzerzinsk,RUS,Nizni Novgorod,277100
959,Depok,IDN,West Java,365200
3359,Izmir,TUR,Izmir,2130359
3343,Olomouc,CZE,Severní Morava,102702
1003,Pemalang,IDN,Central Java,103500
3075,Stuttgart,DEU,Baden-Württemberg,582443
2740,Maradi,NER,Maradi,112965
1970,Xiangfan,CHN,Hubei,410407
1143,Firozabad,IND,Uttar Pradesh,215128
2969,Jastrzebie-Zdrój,POL,Slaskie,102294
531,Southport,GBR,England,90959
3196,Najran,SAU,Najran,91000
3790,Buon Ma Thuot,VNM,Dac Lac,97044
1716,Imabari,JPN,Ehime,119357
1044,Varanasi (Benares),IND,Uttar Pradesh,929270
3955,Sunnyvale,USA,California,131760
785,Pasay,PHL,National Capital Reg,354908
2519,Nezahualcóyotl,MEX,México,1224924
3783,Thai Nguyen,VNM,Bac Thai,127643
3275,Taoyuan,TWN,Taoyuan,316438
2036,Nanyang,CHN,Henan,243303
1157,Farrukhabad-cum-Fatehgarh,IND,Uttar Pradesh,194567
3974,Evansville,USA,Indiana,121582
2380,Chong-up,KOR,Chollabuk,139111
103,Guaymallén,ARG,Mendoza,200595
2744,Kano,NGA,Kano & Jigawa,674100
1028,Hyderabad,IND,Andhra Pradesh,2964638
1315,Beawar,IND,Rajasthan,105363
1524,Graz,AUT,Steiermark,240967
2274,Soacha,COL,Cundinamarca,272058
366,Teresópolis,BRA,Rio de Janeiro,128079
2560,Cajeme,MEX,Sonora,355679
2227,Xingcheng,CHN,Liaoning,102384
1806,Maroua,CMR,Extrême-Nord,143000
248,Ananindeua,BRA,Pará,400940
1393,Kerman,IRN,Kerman,384991
216,Belém,BRA,Pará,1186926
2294,Giron,COL,Santander,90688
655,Valencia,ESP,Valencia,739412
592,San Felipe de Puerto Plata,DOM,Puerto Plata,89423
2186,Zhumadian,CHN,Henan,123232
1163,Bally,IND,West Bengali,184474
1239,Chittoor,IND,Andhra Pradesh,133462
1155,Latur,IND,Maharashtra,197408
2603,Carmen,MEX,Campeche,171367
1076,Guntur,IND,Andhra Pradesh,471051
615,Tanta,EGY,al-Gharbiya,371010
3463,Pavlograd,UKR,Dnipropetrovsk,127000
3904,Reno,USA,Nevada,180480
1281,Mahbubnagar,IND,Andhra Pradesh,116833
1955,Baoding,CHN,Hebei,483155
3640,Vladikavkaz,RUS,North Ossetia-Alania,310100
1845,East York,CAN,Ontario,114034
2051,Shangzi,CHN,Heilongjiang,215373
2369,Andong,KOR,Kyongsangbuk,188443
904,Banjul,GMB,Banjul,42326
3426,Kyiv,UKR,Kiova,2624000
322,Itabuna,BRA,Bahia,182148
2522,León,MEX,Guanajuato,1133576
157,Barisal,BGD,Barisal,170232
3173,Riyadh,SAU,Riyadh,3324000
433,Salto,BRA,São Paulo,96348
1582,Nagano,JPN,Nagano,361391
2672,Tecomán,MEX,Colima,99296
2002,Chaozhou,CHN,Guangdong,313469
739,Chatsworth,ZAF,KwaZulu-Natal,189885
1052,Vishakhapatnam,IND,Andhra Pradesh,752037
2260,Barranquilla,COL,Atlántico,1223260
2663,Río Bravo,MEX,Tamaulipas,103901
41,Sidi Bel Abbès,DZA,Sidi Bel Abbès,153106
1397,Qazvin,IRN,Qazvin,291117
3058,Umeå,SWE,Västerbottens län,104512
1066,Cochin (Kochi),IND,Kerala,564589
505,Norwich,GBR,England,124000
167,Jamalpur,BGD,Dhaka,103556
1480,Brescia,ITA,Lombardia,191317
824,Kabankalan,PHL,Western Visayas,149769
583,Avarua,COK,Rarotonga,11900
1342,Hospet,IND,Karnataka,96322
3221,Kandy,LKA,Central,140000
2391,Miryang,KOR,Kyongsangnam,121501
1099,Jamnagar,IND,Gujarat,341637
4048,Albany,USA,New York,93994
1893,Tianjin,CHN,Tianjin,5286800
2410,Split,HRV,Split-Dalmatia,189388
1960,Yantai,CHN,Shandong,452127
3130,Remscheid,DEU,Nordrhein-Westfalen,120125
2976,Lyon,FRA,Rhône-Alpes,445452
2616,San Luis Río Colorado,MEX,Sonora,145276
2930,Kraków,POL,Malopolskie,738150
154,Narayanganj,BGD,Dhaka,202134
2988,Toulon,FRA,Provence-Alpes-Côte,160639
837,Marawi,PHL,Central Mindanao,131090
2468,Kelang,MYS,Selangor,243355
1990,Xianyang,CHN,Shaanxi,352125
5,Amsterdam,NLD,Noord-Holland,731200
3586,Omsk,RUS,Omsk,1148900
222,São Luís,BRA,Maranhão,837588
726,Umlazi,ZAF,KwaZulu-Natal,339233
4044,New Bedford,USA,Massachusetts,94780
2100,Ghulja,CHN,Xinxiang,177193
1906,Zhengzhou,CHN,Henan,2107200
2219,Suqian,CHN,Jiangsu,105021
2623,Allende,MEX,Guanajuato,134645
1399,Sanandaj,IRN,Kordestan,277808
3868,Lincoln,USA,Nebraska,225581
2985,Reims,FRA,Nord-Pas-de-Calais,187206
117,San Nicolás de los Arroyos,ARG,Buenos Aires,119302
513,Gloucester,GBR,England,107000
3893,Huntington Beach,USA,California,189594
1539,Fukuoka,JPN,Fukuoka,1308379
2814,Yamoussoukro,CIV,Yamoussoukro,130000
263,Bauru,BRA,São Paulo,313670
1075,Aligarh,IND,Uttar Pradesh,480520
3864,Jersey City,USA,New Jersey,240055
3456,Lutsk,UKR,Volynia,217000
1025,Delhi,IND,Delhi,7206704
2861,Khanpur,PAK,Punjab,117800
951,Surakarta,IDN,Central Java,518600
3121,Paderborn,DEU,Nordrhein-Westfalen,137647
1433,Andimeshk,IRN,Khuzestan,106923
26,Zoetermeer,NLD,Zuid-Holland,110214
2867,Tando Adam,PAK,Sind,103400
530,Woking/Byfleet,GBR,England,92000
894,Laoag,PHL,Ilocos,94466
3693,Mytištši,RUS,Moskova,155700
1742,Iwakuni,JPN,Yamaguchi,106647
540,Plovdiv,BGR,Plovdiv,342584
3879,Montgomery,USA,Alabama,201568
2640,Zacatecas,MEX,Zacatecas,123700
3428,Dnipropetrovsk,UKR,Dnipropetrovsk,1103000
2317,West Island,CCK,West Island,167
1936,Xining,CHN,Qinghai,700200
2647,Orizaba,MEX,Veracruz,118488
2400,Mun-gyong,KOR,Kyongsangbuk,92239
3281,Pingtung,TWN,Pingtung,214727
1394,Arak,IRN,Markazi,380755
490,Brighton,GBR,England,156124
2463,Male,MDV,Maale,71000
900,Ligao,PHL,Bicol,90603
3348,Pardubice,CZE,Východní Cechy,91309
3172,São Tomé,STP,Aqua Grande,49541
3203,Saint-Louis,SEN,Saint-Louis,132400
2662,Cunduacán,MEX,Tabasco,104164
3585,Samara,RUS,Samara,1156100
2752,Iwo,NGA,Oyo & Osun,362000
556,Viña del Mar,CHL,Valparaíso,312493
3923,Fort Lauderdale,USA,Florida,152397
644,Disuq,EGY,Kafr al-Shaykh,91300
3466,Uzgorod,UKR,Taka-Karpatia,127000
2642,Tulancingo de Bravo,MEX,Hidalgo,121946
3908,Henderson,USA,Nevada,175381
825,Talisay,PHL,Central Visayas,148110
1110,Jhansi,IND,Uttar Pradesh,300850
1083,Amravati,IND,Maharashtra,421576
3793,New York,USA,New York,8008278
12,Breda,NLD,Noord-Brabant,160398
338,Boa Vista,BRA,Roraima,167185
1702,Fujieda,JPN,Shizuoka,126897
3291,Yuanlin,TWN,Changhwa,126402
580,Coronel,CHL,Bíobío,93061
353,Itajaí,BRA,Santa Catarina,145197
1107,Bhatpara,IND,West Bengali,304952
2801,Agege,NGA,Lagos,105000
3412,Erzincan,TUR,Erzincan,102304
1978,Yakeshi,CHN,Inner Mongolia,377869
2760,Aba,NGA,Imo & Abia,298900
2955,Dabrowa Górnicza,POL,Slaskie,131037
1356,Vidisha,IND,Madhya Pradesh,92917
1108,Gulbarga,IND,Karnataka,304099
2539,Saltillo,MEX,Coahuila de Zaragoza,577352
3289,Hsichuh,TWN,Taipei,154976
532,Maidstone,GBR,England,90878
2090,Changshu,CHN,Jiangsu,181805
4029,Pueblo,USA,Colorado,102121
2605,Jiutepec,MEX,Morelos,170428
1162,Kukatpalle,IND,Andhra Pradesh,185378
2092,Hailar,CHN,Inner Mongolia,180650
2224,Sanya,CHN,Hainan,102820
2119,Zaoyang,CHN,Hubei,162198
428,Sertãozinho,BRA,São Paulo,98140
273,Anápolis,BRA,Goiás,282197
2916,Amadora,PRT,Lisboa,122106
3761,Puškin,RUS,Pietari,92900
3509,Nukus,UZB,Karakalpakistan,194100
2034,Chengde,CHN,Hebei,246799
603,Quevedo,ECU,Los Ríos,129631
2499,Beni-Mellal,MAR,Tadla-Azilal,140212
1013,Jaya Pura,IDN,West Irian,94700
3573,Ciudad Ojeda,VEN,Zulia,99354
1334,Champdani,IND,West Bengali,98818
3733,Solikamsk,RUS,Perm,106000
3290,Shulin,TWN,Taipei,151260
2753,Ado-Ekiti,NGA,Ondo & Ekiti,359400
2198,Renqiu,CHN,Hebei,114256
227,Natal,BRA,Rio Grande do Norte,688955
1103,Rajahmundry,IND,Andhra Pradesh,324851
356,Lages,BRA,Santa Catarina,139570
1927,Hohhot,CHN,Inner Mongolia,916700
2561,Cuernavaca,MEX,Morelos,337966
1589,Kawagoe,JPN,Saitama,327211
3199,Thiès,SEN,Thiès,248000
1186,Dewas,IND,Madhya Pradesh,164364
2581,Santa Catarina,MEX,Nuevo León,226573
2701,Nampula,MOZ,Nampula,303346
1540,Kawasaki,JPN,Kanagawa,1217359
141,Geelong,AUS,Victoria,125382
823,San Carlos,PHL,Ilocos,154264
1266,Veraval,IND,Gujarat,123000
3178,al-Taif,SAU,Mekka,416100
3596,Toljatti,RUS,Samara,722900
2195,Puqi,CHN,Hubei,117264
477,Southampton,GBR,England,216000
3042,Târgoviste,ROM,Dâmbovita,98980
1329,Guna,IND,Madhya Pradesh,100490
2203,Beihai,CHN,Guangxi,112673
816,Mabalacat,PHL,Central Luzon,171045
2887,San Lorenzo,PRY,Central,133395
2,Qandahar,AFG,Qandahar,237500
2862,Gojra,PAK,Punjab,115000
3265,Taichung,TWN,Taichung,940589
3697,Kolpino,RUS,Pietari,141200
2190,Heyuan,CHN,Guangdong,120101
3215,Hargeysa,SOM,Woqooyi Galbeed,90000
1730,Kitami,JPN,Hokkaido,111295
777,Parañaque,PHL,National Capital Reg,449811
1325,Basirhat,IND,West Bengali,101409
1377,al-Ramadi,IRQ,al-Anbar,192556
1424,Birjand,IRN,Khorasan,127608
2793,Makurdi,NGA,Benue,123100
914,Sekondi-Takoradi,GHA,Western,103653
751,Potchefstroom,ZAF,North West,101817
3749,Jessentuki,RUS,Stavropol,97900
3317,Odense,DNK,Fyn,183912
839,Sagay,PHL,Western Visayas,129765
3622,Magnitogorsk,RUS,Tšeljabinsk,427900
306,Viamão,BRA,Rio Grande do Sul,207557
4040,Davenport,USA,Iowa,98256
2084,Tianmen,CHN,Hubei,186332
1181,Hisar (Hissar),IND,Haryana,172677
213,Recife,BRA,Pernambuco,1378087
1021,Sawangan,IDN,West Java,91100
1141,Ambattur,IND,Tamil Nadu,215424
312,Magé,BRA,Rio de Janeiro,196147
1082,Durgapur,IND,West Bengali,425836
3886,Grand Rapids,USA,Michigan,197800
3565,Valera,VEN,Trujillo,130281
87,Morón,ARG,Buenos Aires,349246
2762,Ila,NGA,Oyo & Osun,264000
630,Shibin al-Kawm,EGY,al-Minufiya,159909
1638,Kofu,JPN,Yamanashi,199753
3548,San Cristóbal,VEN,Táchira,319373
1448,Cork,IRL,Munster,127187
317,Sumaré,BRA,São Paulo,186205
1708,Matsusaka,JPN,Mie,123582
2694,Monte-Carlo,MCO,–,13154
2414,Santiago de Cuba,CUB,Santiago de Cuba,433180
773,Las Piñas,PHL,National Capital Reg,472780
670,A Coruña (La Coruña),ESP,Galicia,243402
2465,Ipoh,MYS,Perak,382853
435,Parnamirim,BRA,Rio Grande do Norte,96210
3026,Ploiesti,ROM,Prahova,251348
1782,Taizz,YEM,Taizz,317600
723,Pietermaritzburg,ZAF,KwaZulu-Natal,370190
3048,Stockholm,SWE,Lisboa,750348
2037,Cangzhou,CHN,Hebei,242708
2820,Suhar,OMN,al-Batina,90814
1485,Cagliari,ITA,Sardinia,165926
2875,Kamalia,PAK,Punjab,95300
3395,Aydin,TUR,Aydin,128651
2290,Tunja,COL,Boyacá,109740
4011,Manchester,USA,New Hampshire,107006
2033,Laiwu,CHN,Shandong,246833
27,Emmen,NLD,Drenthe,105853
611,Shubra al-Khayma,EGY,al-Qalyubiya,870716
1454,Beerseba,ISR,Ha Darom,163700
1621,Takasaki,JPN,Gumma,239124
2835,Sukkur,PAK,Sindh,329176
3230,Nyala,SDN,Darfur al-Janubiya,227183
503,Preston,GBR,England,135000
528,Hartlepool,GBR,England,92000
2342,Chonju,KOR,Chollabuk,563153
2292,Maicao,COL,La Guajira,108053
1974,Zhangjiang,CHN,Guangdong,400997
1706,Ueda,JPN,Nagano,124217
2007,Yueyang,CHN,Hunan,302800
2138,Longkou,CHN,Shandong,148362
2134,Yichun,CHN,Jiangxi,151585
1248,Gurgaon,IND,Haryana,128608
2183,Chaohu,CHN,Anhui,123676
244,Londrina,BRA,Paraná,432257
277,Vitória,BRA,Espírito Santo,270626
3241,Oulu,FIN,Pohjois-Pohjanmaa,120753
862,Tanza,PHL,Southern Tagalog,110517
4003,Bellevue,USA,Washington,109569
2842,Rahim Yar Khan,PAK,Punjab,228479
3247,Basel,CHE,Basel-Stadt,166700
478,Aberdeen,GBR,Scotland,213070
2540,Torreón,MEX,Coahuila de Zaragoza,529093
1934,Luoyang,CHN,Henan,760000
118,San Juan,ARG,San Juan,119152
1443,Jahrom,IRN,Fars,94200
1201,Cuddalore,IND,Tamil Nadu,153086
929,Port-au-Prince,HTI,Ouest,884472
1522,Dili,TMP,Dili,47900
3892,Irving,USA,Texas,191615
1692,Miyakonojo,JPN,Miyazaki,133183
2270,Neiva,COL,Huila,300052
746,Germiston,ZAF,Gauteng,164252
2208,Liyang,CHN,Jiangsu,109520
3423,Cockburn Town,TCA,Grand Turk,4800
2127,Wanxian,CHN,Sichuan,156823
3506,Andijon,UZB,Andijon,318600
2863,Bahawalnagar,PAK,Punjab,109600
3070,Munich [München],DEU,Baijeri,1194560
865,San Jose,PHL,Central Luzon,108254
220,São Gonçalo,BRA,Rio de Janeiro,869254
3219,Moratuwa,LKA,Western,190000
3410,Aksaray,TUR,Aksaray,102681
129,Oranjestad,ABW,–,29034
669,Granada,ESP,Andalusia,244767
994,Serang,IDN,West Java,122400
2852,Mandi Burewala,PAK,Punjab,149900
2769,Sokoto,NGA,Sokoto & Kebbi & Zam,204900
2575,Victoria,MEX,Tamaulipas,262686
2326,Haeju,PRK,Hwanghae N,229172
510,Slough,GBR,England,112000
2837,Sheikhupura,PAK,Punjab,271875
853,Rodriguez (Montalban),PHL,Southern Tagalog,115167
863,Ozamis,PHL,Northern Mindanao,110420
1680,Ota,JPN,Gumma,145317
276,Itaquaquecetuba,BRA,São Paulo,270874
2381,Chechon,KOR,Chungchongbuk,137070
2137,Ji´an,CHN,Jiangxi,148583
2791,Bida,NGA,Niger,125500
560,San Bernardo,CHL,Santiago,241910
653,Madrid,ESP,Madrid,2879052
2222,Danjiangkou,CHN,Hubei,103211
2509,Nouakchott,MRT,Nouakchott,667300
288,Caruaru,BRA,Pernambuco,244247
1490,Salerno,ITA,Campania,142055
871,Mati,PHL,Southern Mindanao,105908
190,Saint George,BMU,Saint George´s,1800
2149,Longjing,CHN,Jilin,139417
374,Timon,BRA,Maranhão,125812
3441,Simferopol,UKR,Krim,339000
2141,Suining,CHN,Sichuan,146086
2585,Campeche,MEX,Campeche,216735
1146,Ramagundam,IND,Andhra Pradesh,214384
2217,Jinchang,CHN,Gansu,105287
1440,Rafsanjan,IRN,Kerman,98300
1766,Konan,JPN,Aichi,95521
1310,Pilibhit,IND,Uttar Pradesh,106605
1595,Miyazaki,JPN,Miyazaki,303784
3140,Fürth,DEU,Baijeri,109771
2971,Jelenia Góra,POL,Dolnoslaskie,93901
2728,Yaren,NRU,–,559
487,Walsall,GBR,England,174739
2385,Kongju,KOR,Chungchongnam,131229
1722,Kiryu,JPN,Gumma,118326
3363,Konya,TUR,Konya,628364
2995,Amiens,FRA,Picardie,135501
2550,Tuxtla Gutiérrez,MEX,Chiapas,433544
2523,Monterrey,MEX,Nuevo León,1108499
2885,Asunción,PRY,Asunción,557776
2639,Iguala de la Independencia,MEX,Guerrero,123883
561,Temuco,CHL,La Araucanía,233041
1415,Khoy,IRN,West Azerbaidzan,148944
4005,Clarksville,USA,Tennessee,108787
2945,Torun,POL,Kujawsko-Pomorskie,206158
2213,Shanwei,CHN,Guangdong,107847
3954,Escondido,USA,California,133559
3819,Fort Worth,USA,Texas,534694
903,Serekunda,GMB,Kombo St Mary,102600
1498,Pescara,ITA,Abruzzit,115698
3332,Lomé,TGO,Maritime,375000
2691,Tiraspol,MDA,Dnjestria,194300
2624,Silao,MEX,Guanajuato,134037
1709,Isesaki,JPN,Gumma,123285
408,Linhares,BRA,Espírito Santo,106278
2280,Floridablanca,COL,Santander,221913
2959,Gorzów Wielkopolski,POL,Lubuskie,126019
3469,Jevpatorija,UKR,Krim,112000
1171,Kharagpur,IND,West Bengali,177989
451,Palhoça,BRA,Santa Catarina,89465
2598,San Juan del Río,MEX,Querétaro,179300
1494,Syrakusa,ITA,Sisilia,126282
2562,Tonalá,MEX,Jalisco,336109
1187,Murwara (Katni),IND,Madhya Pradesh,163431
3838,Honolulu,USA,Hawaii,371657
1987,Jinxi,CHN,Liaoning,357052
520,Chelmsford,GBR,England,97451
2675,San Luis de la Paz,MEX,Guanajuato,96763
642,Idfu,EGY,Qina,94200
3205,Diourbel,SEN,Diourbel,99400
2464,Kuala Lumpur,MYS,Wilayah Persekutuan,1297526
1152,Bihar Sharif,IND,Bihar,201323
3664,Blagoveštšensk,RUS,Amur,222000
2067,Laizhou,CHN,Shandong,198664
444,São Lourenço da Mata,BRA,Pernambuco,91999
1760,Sakado,JPN,Saitama,98221
1470,Bologna,ITA,Emilia-Romagna,381161
712,Cape Town,ZAF,Western Cape,2352121
1327,Ongole,IND,Andhra Pradesh,100836
1939,Daqing,CHN,Heilongjiang,660000
139,Wollongong,AUS,New South Wales,219761
3175,Mekka,SAU,Mekka,965700
3341,Ostrava,CZE,Severní Morava,320041
2929,Lódz,POL,Lodzkie,800110
4053,Gainesville,USA,Florida,92291
2283,Barrancabermeja,COL,Santander,178020
1980,Zhenjiang,CHN,Jiangsu,368316
2399,Tonghae,KOR,Kang-won,95472
672,Santa Cruz de Tenerife,ESP,Canary Islands,213050
3109,Mainz,DEU,Rheinland-Pfalz,183134
3047,Kigali,RWA,Kigali,286000
2619,Guanajuato,MEX,Guanajuato,141215
386,Patos de Minas,BRA,Minas Gerais,119262
3994,Macon,USA,Georgia,113336
3574,Ocumare del Tuy,VEN,Miranda,97168
2685,Pánuco,MEX,Veracruz,90551
3126,Göttingen,DEU,Niedersachsen,124775
1068,Kota,IND,Rajasthan,537371
1027,Chennai (Madras),IND,Tamil Nadu,3841396
786,Malabon,PHL,National Capital Reg,338855
1303,Shivapuri,IND,Madhya Pradesh,108277
1211,Bharatpur,IND,Rajasthan,148519
2544,Chimalhuacán,MEX,México,490245
1726,Ebina,JPN,Kanagawa,115571
2864,Muridke,PAK,Punjab,108600
1054,Amritsar,IND,Punjab,708835
927,Bissau,GNB,Bissau,241000
3413,Bismil,TUR,Diyarbakir,101400
727,Bloemfontein,ZAF,Free State,334341
106,Hurlingham,ARG,Buenos Aires,170028
3480,Uman,UKR,Tšerkasy,90000
90,Tigre,ARG,Buenos Aires,296226
144,Baku,AZE,Baki,1787800
307,Ipatinga,BRA,Minas Gerais,206338
294,Cascavel,BRA,Paraná,237510
241,Juiz de Fora,BRA,Minas Gerais,450288
1725,Toyokawa,JPN,Aichi,115781
2124,Sanming,CHN,Fujian,160691
344,Guarapuava,BRA,Paraná,160510
262,Pelotas,BRA,Rio Grande do Sul,315415
406,Colatina,BRA,Espírito Santo,107354
1336,Pudukkottai,IND,Tamil Nadu,98619
1585,Suita,JPN,Osaka,345750
2856,Shikarpur,PAK,Sind,133300
2395,Sachon,KOR,Kyongsangnam,113494
1863,Taraz,KAZ,Taraz,330100
308,Juazeiro,BRA,Bahia,201073
4024,Berkeley,USA,California,102743
3615,Tomsk,RUS,Tomsk,482100
1553,Hachioji,JPN,Tokyo-to,513451
567,Iquique,CHL,Tarapacá,177892
4026,Green Bay,USA,Wisconsin,102313
2226,Huangshan,CHN,Anhui,102628
617,Luxor,EGY,Luxor,360503
724,Benoni,ZAF,Gauteng,365467
2336,Kwangju,KOR,Kwangju,1368341
1648,Kodaira,JPN,Tokyo-to,174984
497,Huddersfield,GBR,England,143726
3786,Cam Ranh,VNM,Khanh Hoa,114041
2403,Pireus,GRC,Attika,182671
410,Barretos,BRA,São Paulo,104156
3502,Lower Hutt,NZL,Wellington,98100
112,La Rioja,ARG,La Rioja,138117
57,Huambo,AGO,Huambo,163100
1119,Davangere,IND,Karnataka,266082
298,Taubaté,BRA,São Paulo,229130
542,Burgas,BGR,Burgas,195255
1538,Kobe,JPN,Hyogo,1425139
2389,Poryong,KOR,Chungchongnam,122604
3558,Los Teques,VEN,Miranda,178784
1590,Tokorozawa,JPN,Saitama,325809
2201,Kaili,CHN,Guizhou,113958
3471,Jenakijeve,UKR,Donetsk,105000
1183,Mirzapur-cum-Vindhyachal,IND,Uttar Pradesh,169336
2684,Matamoros,MEX,Coahuila de Zaragoza,91858
2129,Zhoushan,CHN,Zhejiang,156317
2515,Ciudad de México,MEX,Distrito Federal,8591309
28,Zwolle,NLD,Overijssel,105819
3386,Iskenderun,TUR,Hatay,153022
212,Curitiba,BRA,Paraná,1584232
3646,Volzski,RUS,Volgograd,286900
527,Worcester,GBR,England,95000
147,Mingäçevir,AZE,Mingäçevir,93900
3797,Philadelphia,USA,Pennsylvania,1517550
2725,Pagakku (Pakokku),MMR,Magwe [Magway],94800
3160,Esslingen am Neckar,DEU,Baden-Württemberg,89667
3877,Fremont,USA,California,203413
430,Paulo Afonso,BRA,Bahia,97291
3078,Duisburg,DEU,Nordrhein-Westfalen,519793
706,Algeciras,ESP,Andalusia,103106
874,Gingoog,PHL,Northern Mindanao,102379
2398,Namwon,KOR,Chollabuk,103544
3804,Indianapolis,USA,Indiana,791926
4015,Lowell,USA,Massachusetts,105167
1384,Shiraz,IRN,Fars,1053025
3784,Hong Gai,VNM,Quang Ninh,127484
53,Tafuna,ASM,Tutuila,5200
2798,Gombe,NGA,Bauchi & Gombe,107800
1586,Takamatsu,JPN,Kagawa,332471
2332,Pusan,KOR,Pusan,3804522
3098,Krefeld,DEU,Nordrhein-Westfalen,241769
2454,Macao,MAC,Macau,437500
2164,Duyun,CHN,Guizhou,132971
800,Navotas,PHL,National Capital Reg,230403
3207,Freetown,SLE,Western,850000
1112,Kakinada,IND,Andhra Pradesh,279980
3087,Bonn,DEU,Nordrhein-Westfalen,301048
181,Schaerbeek,BEL,Bryssel,105692
758,Nazret,ETH,Oromia,127842
2713,Pegu (Bago),MMR,Pegu [Bago],190900
3234,al-Fashir,SDN,Darfur al-Shamaliya,141884
3522,Mogiljov,BLR,Mogiljov,356000
3500,Dunedin,NZL,Dunedin,119600
2611,Cuautla,MEX,Morelos,153132
2657,Guadalupe,MEX,Zacatecas,108881
1651,Tomakomai,JPN,Hokkaido,171958
239,Niterói,BRA,Rio de Janeiro,459884
419,Resende,BRA,Rio de Janeiro,100627
2977,Toulouse,FRA,Midi-Pyrénées,390350
1950,Hegang,CHN,Heilongjiang,520000
780,General Santos,PHL,Southern Mindanao,411822
769,Cebu,PHL,Central Visayas,718821
754,George,ZAF,Western Cape,93818
1555,Amagasaki,JPN,Hyogo,481434
734,Newcastle,ZAF,KwaZulu-Natal,222993
3400,Karabük,TUR,Karabük,118285
601,Duran [Eloy Alfaro],ECU,Guayas,152514
2556,Celaya,MEX,Guanajuato,382140
348,Nilópolis,BRA,Rio de Janeiro,153383
673,Badalona,ESP,Katalonia,209635
3881,Augusta-Richmond County,USA,Georgia,199775
140,Hobart,AUS,Tasmania,126118
3336,Port-of-Spain,TTO,Port-of-Spain,43396
1739,Tokuyama,JPN,Yamaguchi,107078
2802,Ise-Ekiti,NGA,Ondo & Ekiti,103400
2061,Liaocheng,CHN,Shandong,207844
1660,Tsu,JPN,Mie,164543
25,Haarlemmermeer,NLD,Noord-Holland,110722
1578,Machida,JPN,Tokyo-to,364197
3125,Recklinghausen,DEU,Nordrhein-Westfalen,125022
2541,Centro (Villahermosa),MEX,Tabasco,519873
205,Francistown,BWA,Francistown,101805
2269,Pasto,COL,Nariño,332396
2422,Victoria de las Tunas,CUB,Las Tunas,132350
131,Melbourne,AUS,Victoria,2865329
4039,Midland,USA,Texas,98293
881,Marilao,PHL,Central Luzon,101017
3031,Arad,ROM,Arad,184408
3829,Fresno,USA,California,427652
3801,San Antonio,USA,Texas,1144646
854,Sariaya,PHL,Southern Tagalog,114568
1222,Tenali,IND,Andhra Pradesh,143726
447,Campo Largo,BRA,Paraná,91203
59,Benguela,AGO,Benguela,128300
2569,Guasave,MEX,Sinaloa,277201
2839,Gujrat,PAK,Punjab,250121
1062,Ranchi,IND,Jharkhand,599306
401,Ribeirão Pires,BRA,São Paulo,108121
445,Santana do Livramento,BRA,Rio Grande do Sul,91779
846,Ilagan,PHL,Cagayan Valley,119990
1335,Orai,IND,Uttar Pradesh,98640
789,Iligan,PHL,Central Mindanao,285061
3679,Novotšerkassk,RUS,Rostov-na-Donu,184400
4055,Arden-Arcade,USA,California,92040
1078,Ghaziabad,IND,Uttar Pradesh,454156
2597,Soledad de Graciano Sánchez,MEX,San Luis Potosí,179956
2903,Sullana,PER,Piura,147361
742,Botshabelo,ZAF,Free State,177971
2438,Beirut,LBN,Beirut,1100000
3561,Acarigua,VEN,Portuguesa,158954
2890,Lima,PER,Lima,6464693
1218,Bhusawal,IND,Maharashtra,145143
2919,San Juan,PRI,San Juan,434374
2460,Skopje,MKD,Skopje,444299
2557,Mazatlán,MEX,Sinaloa,380265
609,Alexandria,EGY,Aleksandria,3328196
3166,Chingola,ZMB,Copperbelt,142400
398,Franco da Rocha,BRA,São Paulo,108964
643,al-Hawamidiya,EGY,Giza,91700
2377,Kimchon,KOR,Kyongsangbuk,147027
1762,Takasago,JPN,Hyogo,97632
388,Bragança Paulista,BRA,São Paulo,116929
3899,Winston-Salem,USA,North Carolina,185776
2972,Malabo,GNQ,Bioko,40000
3866,Baton Rouge,USA,Louisiana,227818
3707,Korolev,RUS,Moskova,132400
2005,Ma´anshan,CHN,Anhui,305421
1274,Chandannagar,IND,West Bengali,120378
3720,Noginsk,RUS,Moskova,117200
3226,Sharq al-Nil,SDN,Khartum,700887
3319,Frederiksberg,DNK,Frederiksberg,90327
2994,Clermont-Ferrand,FRA,Auvergne,137140
2908,Cajamarca,PER,Cajamarca,108009
3605,Novokuznetsk,RUS,Kemerovo,561600
1865,Öskemen,KAZ,East Kazakstan,311000
3700,Novomoskovsk,RUS,Tula,138100
1552,Higashiosaka,JPN,Osaka,517785
684,Fuenlabrada,ESP,Madrid,171173
2017,Tongchuan,CHN,Shaanxi,280657
2692,Balti,MDA,Balti,153400
2577,Coacalco de Berriozábal,MEX,México,252270
2025,Zunyi,CHN,Guizhou,261862
2288,Girardot,COL,Cundinamarca,110963
2058,Wuzhou,CHN,Guangxi,210452
3303,Ilan,TWN,Ilan,92000
2449,Klaipeda,LTU,Klaipeda,202451
2834,Bahawalpur,PAK,Punjab,403408
2511,Port-Louis,MUS,Port-Louis,138200
2150,Da´an,CHN,Jilin,138963
1173,Vellore,IND,Tamil Nadu,175061
3774,Nha Trang,VNM,Khanh Hoa,221331
1946,Yinchuan,CHN,Ningxia,544500
1024,Mumbai (Bombay),IND,Maharashtra,10500000
313,Suzano,BRA,São Paulo,195434
3675,Kamensk-Uralski,RUS,Sverdlovsk,190600
3355,Biserta,TUN,Biserta,108900
3405,Siirt,TUR,Siirt,107100
688,Burgos,ESP,Castilla and León,162802
3282,Yungkang,TWN,Tainan,193005
1308,Tambaram,IND,Tamil Nadu,107187
2506,El Araich,MAR,Tanger-Tétouan,90400
1757,Nishio,JPN,Chiba,100032
1411,Khomeynishahr,IRN,Esfahan,165888
3814,Nashville-Davidson,USA,Tennessee,569891
1131,Kurnool,IND,Andhra Pradesh,236800
2599,San Felipe del Progreso,MEX,México,177330
3575,Valle de la Pascua,VEN,Guárico,95927
199,Potosí,BOL,Potosí,140642
2062,Haicheng,CHN,Liaoning,205560
2939,Czestochowa,POL,Slaskie,257812
4012,Allentown,USA,Pennsylvania,106632
1537,Kioto,JPN,Kyoto,1461974
1519,Alessandria,ITA,Piemonte,90289
1017,Jombang,IDN,East Java,92600
2177,Qidong,CHN,Jiangsu,126872
3038,Piatra Neamt,ROM,Neamt,125070
2121,Hami,CHN,Xinxiang,161315
1000,Taman,IDN,East Java,107000
463,Leeds,GBR,England,424194
2690,Chisinau,MDA,Chisinau,719900
3662,Bijsk,RUS,Altai,225000
804,Lapu-Lapu,PHL,Central Visayas,217019
3550,Cumaná,VEN,Sucre,293105
3589,Tšeljabinsk,RUS,Tšeljabinsk,1083200
3712,Novotšeboksarsk,RUS,Tšuvassia,123400
628,Qina,EGY,Qina,171275
539,Sofija,BGR,Grad Sofija,1122302
2043,Tongling,CHN,Anhui,228017
2993,Le Mans,FRA,Pays de la Loire,146105
170,Sirajganj,BGD,Rajshahi,99669
4031,Athens-Clarke County,USA,Georgia,101489
2275,Valledupar,COL,Cesar,263247
346,São José,BRA,Santa Catarina,155105
242,Aracaju,BRA,Sergipe,445555
2496,Agadir,MAR,Souss Massa-Draâ,155244
849,San Carlos,PHL,Western Visayas,118259
2771,Offa,NGA,Kwara & Kogi,197200
1546,Kumamoto,JPN,Kumamoto,656734
2020,Tieli,CHN,Heilongjiang,265683
1688,Matsubara,JPN,Osaka,135010
802,San Fernando,PHL,Central Luzon,221857
2310,Mwene-Ditu,COD,East Kasai,137459
767,Kalookan,PHL,National Capital Reg,1177604
1176,Anantapur,IND,Andhra Pradesh,174924
3333,Fakaofo,TKL,Fakaofo,300
1707,Kashihara,JPN,Nara,124013
1544,Chiba,JPN,Chiba,863930
4058,Boulder,USA,Colorado,91238
391,Garanhuns,BRA,Pernambuco,114603
605,Loja,ECU,Loja,123875
2471,Kota Bharu,MYS,Kelantan,219582
2743,Ogbomosho,NGA,Oyo & Osun,730000
1287,Bankura,IND,West Bengali,114876
115,Comodoro Rivadavia,ARG,Chubut,124104
1871,Oral,KAZ,West Kazakstan,195500
1534,Osaka,JPN,Osaka,2595674
2402,Thessaloniki,GRC,Central Macedonia,383967
1360,Ambala Sadar,IND,Haryana,90712
1769,Onomichi,JPN,Hiroshima,93756
1639,Kushiro,JPN,Hokkaido,197608
2841,Kasur,PAK,Punjab,241649
2586,La Paz,MEX,México,213045
2042,Jiangmen,CHN,Guangdong,230587
3584,Jekaterinburg,RUS,Sverdlovsk,1266300
3556,Puerto Cabello,VEN,Carabobo,187722
1446,Qomsheh,IRN,Esfahan,89800
3208,Singapore,SGP,–,4017733
3543,Ciudad Guayana,VEN,Bolívar,663713
2429,Kuwait,KWT,al-Asima,28859
3665,Šahty,RUS,Rostov-na-Donu,221800
1952,Jiamusi,CHN,Heilongjiang,493409
3741,Votkinsk,RUS,Udmurtia,101700
1161,Bijapur,IND,Karnataka,186939
114,Río Cuarto,ARG,Córdoba,134355
223,Maceió,BRA,Alagoas,786288
2313,Butembo,COD,North Kivu,109406
2174,Weihai,CHN,Shandong,128888
4,Mazar-e-Sharif,AFG,Balkh,127800
600,Manta,ECU,Manabí,164739
259,Piracicaba,BRA,São Paulo,319104
3902,Little Rock,USA,Arkansas,183133
3481,Brovary,UKR,Kiova,89000
3418,Bandirma,TUR,Balikesir,90200
640,Qalyub,EGY,al-Qalyubiya,97200
2854,Sadiqabad,PAK,Punjab,141500
656,Sevilla,ESP,Andalusia,701927
1719,Habikino,JPN,Osaka,118968
1227,Timkur,IND,Karnataka,138903
3582,Novosibirsk,RUS,Novosibirsk,1398800
537,Road Town,VGB,Tortola,8000
1800,Phnom Penh,KHM,Phnom Penh,570155
4027,Cape Coral,USA,Florida,102286
2761,Ife,NGA,Oyo & Osun,296800
3365,Antalya,TUR,Antalya,564914
1285,Berhampore (Baharampur),IND,West Bengali,115144
1554,Niigata,JPN,Niigata,497464
1556,Himeji,JPN,Hyogo,475167
108,Ituzaingó,ARG,Buenos Aires,158197
3046,Resita,ROM,Caras-Severin,93976
1430,Saveh,IRN,Qom,111245
4016,Provo,USA,Utah,105166
1509,Catanzaro,ITA,Calabria,96700
1607,Ichihara,JPN,Chiba,279280
468,Bradford,GBR,England,289376
2962,Tarnów,POL,Malopolskie,121494
1734,Handa,JPN,Aichi,108600
494,Reading,GBR,England,148000
3880,Shreveport,USA,Louisiana,200145
3967,Paradise,USA,Nevada,124682
6,Rotterdam,NLD,Zuid-Holland,593321
1048,Coimbatore,IND,Tamil Nadu,816321
620,Zagazig,EGY,al-Sharqiya,267351
123,Ezeiza,ARG,Buenos Aires,99578
3911,Amarillo,USA,Texas,173627
763,Stanley,FLK,East Falkland,1636
1977,Zaozhuang,CHN,Shandong,380846
1338,Hazaribag,IND,Jharkhand,97712
3276,Chiayi,TWN,Chiayi,265109
3645,Kostroma,RUS,Kostroma,288100
1676,Nagareyama,JPN,Chiba,147738
1350,Dehri,IND,Bihar,94526
760,Dese,ETH,Amhara,97314
1964,Wuhu,CHN,Anhui,425740
3627,Kurgan,RUS,Kurgan,364700
1814,Winnipeg,CAN,Manitoba,618477
